protest,FIPS,n,FIPS2
GRP,4015,1,04015
LFL,4015,1,04015
FBT,4015,1,04015
GRP,4015,1,04015
GRP,4015,1,04015
LFL,38017,1,38017
GRP,38017,1,38017
FBT,38017,1,38017
GRP,38017,1,38017
GRP,46081,1,46081
FBT,36095,1,36095
GRP,36095,1,36095
GRP,18093,1,18093
GRP,26087,1,26087
GRP,26087,1,26087
GRP,39033,1,39033
GRP,46099,1,46099
GRP,46099,1,46099
LFL,46099,1,46099
GRP,46099,1,46099
FBT,46099,1,46099
GRP,48471,1,48471
GRP,24043,1,24043
GRP,24043,1,24043
FBT,6069,1,06069
GRP,19013,1,19013
FBT,19013,1,19013
GRP,19013,1,19013
GRP,19013,1,19013
GRP,19013,1,19013
GRP,19013,1,19013
GRP,19013,1,19013
GRP,19013,1,19013
GRP,19013,1,19013
GRP,48451,1,48451
GRP,48497,1,48497
GRP,4023,1,04023
GRP,4023,1,04023
FBT,4023,1,04023
GRP,12091,1,12091
GRP,23003,1,23003
FBT,23003,1,23003
LFL,23003,1,23003
FBT,24001,1,24001
GRP,24001,1,24001
GRP,49043,1,49043
GRP,36099,1,36099
GRP,31035,1,31035
FBT,48441,1,48441
GRP,48441,1,48441
GRP,48441,1,48441
LFL,55113,1,55113
GRP,26073,1,26073
GRP,28131,1,28131
GRP,19181,1,19181
GRP,19181,1,19181
LFL,40031,1,40031
GRP,40031,1,40031
LFL,6089,1,06089
FBT,6089,1,06089
GRP,6089,1,06089
GRP,26101,1,26101
FBT,26101,1,26101
LFL,26101,1,26101
GRP,53053,1,53053
GRP,53053,1,53053
GRP,53053,1,53053
GRP,53053,1,53053
LFL,53053,1,53053
GRP,53053,1,53053
FBT,53053,1,53053
GRP,53053,1,53053
GRP,53053,1,53053
LFL,53053,1,53053
GRP,53053,1,53053
GRP,53053,1,53053
GRP,53053,1,53053
LFL,53053,1,53053
FBT,53053,1,53053
GRP,53053,1,53053
GRP,53053,1,53053
GRP,13077,1,13077
FBT,13059,1,13059
GRP,13059,1,13059
LFL,13059,1,13059
GRP,13059,1,13059
GRP,13059,1,13059
GRP,13059,1,13059
GRP,18081,1,18081
GRP,18081,1,18081
GRP,27059,1,27059
GRP,39103,1,39103
GRP,39103,1,39103
GRP,39103,1,39103
FBT,48375,1,48375
GRP,48375,1,48375
LFL,48375,1,48375
GRP,4005,1,04005
GRP,4005,1,04005
LFL,4005,1,04005
LFL,4005,1,04005
GRP,4005,1,04005
FBT,4005,1,04005
GRP,4005,1,04005
GRP,4005,1,04005
GRP,4005,1,04005
GRP,4005,1,04005
FBT,23029,1,23029
GRP,23029,1,23029
GRP,13015,1,13015
GRP,13015,1,13015
FBT,19127,1,19127
GRP,39063,1,39063
GRP,39063,1,39063
GRP,21209,1,21209
GRP,21209,1,21209
GRP,37157,1,37157
LFL,37157,1,37157
GRP,37157,1,37157
GRP,37157,1,37157
GRP,37157,1,37157
FBT,56025,1,56025
GRP,48407,1,48407
GRP,13087,1,13087
GRP,22001,1,22001
GRP,27019,1,27019
GRP,27067,1,27067
LFL,55071,1,55071
GRP,26035,1,26035
GRP,29225,1,29225
GRP,48131,1,48131
GRP,39083,1,39083
GRP,19055,1,19055
FBT,17201,1,17201
GRP,17201,1,17201
LFL,17201,1,17201
GRP,17201,1,17201
GRP,17201,1,17201
GRP,17201,1,17201
GRP,17201,1,17201
LFL,23031,1,23031
GRP,23031,1,23031
FBT,42007,1,42007
LFL,42007,1,42007
GRP,42007,1,42007
GRP,42007,1,42007
GRP,42007,1,42007
GRP,19187,1,19187
LFL,19187,1,19187
FBT,20057,1,20057
GRP,45045,1,45045
GRP,45045,1,45045
LFL,45045,1,45045
GRP,45045,1,45045
GRP,45045,1,45045
GRP,45045,1,45045
GRP,45045,1,45045
GRP,45045,1,45045
GRP,45045,1,45045
FBT,45045,1,45045
GRP,45045,1,45045
GRP,45045,1,45045
GRP,39039,1,39039
GRP,39039,1,39039
GRP,19015,1,19015
GRP,26037,1,26037
GRP,26037,1,26037
LFL,17037,1,17037
FBT,17037,1,17037
FBT,6019,1,06019
GRP,6019,1,06019
LFL,6019,1,06019
GRP,6019,1,06019
GRP,6019,1,06019
GRP,6019,1,06019
GRP,6019,1,06019
GRP,6019,1,06019
GRP,6019,1,06019
GRP,19175,1,19175
FBT,47023,1,47023
GRP,47023,1,47023
FBT,18177,1,18177
GRP,18177,1,18177
GRP,47169,1,47169
GRP,19123,1,19123
GRP,6017,1,06017
GRP,6017,1,06017
GRP,6017,1,06017
LFL,51660,1,51660
GRP,18049,1,18049
FBT,6053,1,06053
GRP,6053,1,06053
GRP,6053,1,06053
GRP,6053,1,06053
LFL,6053,1,06053
GRP,6053,1,06053
FBT,6053,1,06053
GRP,6053,1,06053
FBT,6053,1,06053
GRP,26057,1,26057
GRP,20133,1,20133
GRP,26067,1,26067
GRP,26077,1,26077
FBT,26077,1,26077
GRP,26077,1,26077
LFL,26077,1,26077
FBT,26105,1,26105
GRP,26107,1,26107
GRP,26107,1,26107
FBT,26107,1,26107
GRP,26121,1,26121
GRP,26121,1,26121
GRP,26121,1,26121
FBT,26121,1,26121
FBT,27047,1,27047
LFL,27047,1,27047
GRP,48013,1,48013
GRP,51540,1,51540
GRP,51540,1,51540
GRP,51540,1,51540
GRP,51540,1,51540
LFL,51540,1,51540
FBT,51540,1,51540
FBT,47179,1,47179
GRP,47179,1,47179
GRP,47179,1,47179
LFL,47179,1,47179
GRP,47179,1,47179
GRP,47179,1,47179
LFL,56029,1,56029
GRP,55133,1,55133
GRP,55133,1,55133
GRP,51099,1,51099
GRP,29043,1,29043
GRP,29043,1,29043
GRP,29043,1,29043
GRP,18063,1,18063
GRP,17093,1,17093
GRP,17093,1,17093
GRP,17093,1,17093
GRP,17093,1,17093
GRP,26161,1,26161
GRP,26161,1,26161
LFL,26161,1,26161
LFL,26161,1,26161
LFL,26161,1,26161
GRP,26161,1,26161
GRP,26161,1,26161
FBT,26161,1,26161
GRP,26161,1,26161
FBT,35029,1,35029
GRP,33007,1,33007
GRP,29145,1,29145
LFL,31179,1,31179
GRP,39057,1,39057
GRP,39057,1,39057
GRP,39057,1,39057
GRP,39057,1,39057
GRP,48027,1,48027
LFL,48027,1,48027
GRP,48027,1,48027
GRP,48027,1,48027
GRP,48027,1,48027
GRP,27017,1,27017
GRP,12029,1,12029
LFL,13211,1,13211
GRP,27001,1,27001
FBT,8045,1,08045
LFL,8045,1,08045
GRP,39101,1,39101
LFL,17095,1,17095
GRP,17095,1,17095
GRP,17099,1,17099
FBT,17099,1,17099
FBT,12085,1,12085
GRP,12085,1,12085
LFL,12085,1,12085
GRP,12085,1,12085
GRP,19079,1,19079
GRP,8087,1,08087
GRP,8087,1,08087
GRP,8087,1,08087
GRP,8087,1,08087
GRP,19153,1,19153
GRP,19153,1,19153
GRP,19153,1,19153
GRP,19153,1,19153
FBT,19153,1,19153
GRP,19153,1,19153
GRP,19153,1,19153
GRP,19153,1,19153
LFL,19153,1,19153
GRP,19153,1,19153
LFL,19153,1,19153
GRP,19153,1,19153
GRP,19153,1,19153
GRP,19153,1,19153
GRP,19153,1,19153
GRP,19153,1,19153
GRP,19153,1,19153
GRP,19153,1,19153
GRP,39153,1,39153
GRP,39153,1,39153
GRP,39153,1,39153
FBT,39153,1,39153
GRP,39153,1,39153
GRP,39153,1,39153
GRP,39153,1,39153
GRP,12049,1,12049
GRP,39161,1,39161
GRP,39165,1,39165
GRP,39041,1,39041
GRP,39041,1,39041
GRP,39041,1,39041
FBT,39041,1,39041
GRP,39041,1,39041
GRP,39055,1,39055
GRP,27131,1,27131
GRP,27131,1,27131
GRP,27131,1,27131
GRP,27131,1,27131
GRP,37003,1,37003
LFL,30049,1,30049
GRP,30049,1,30049
GRP,30049,1,30049
FBT,30049,1,30049
GRP,6071,1,06071
GRP,6071,1,06071
LFL,6071,1,06071
GRP,6071,1,06071
GRP,6071,1,06071
GRP,6071,1,06071
GRP,6071,1,06071
GRP,6071,1,06071
FBT,6071,1,06071
GRP,6071,1,06071
GRP,6071,1,06071
FBT,6071,1,06071
GRP,6071,1,06071
GRP,6071,1,06071
GRP,6071,1,06071
GRP,6071,1,06071
GRP,6071,1,06071
GRP,6071,1,06071
GRP,6071,1,06071
GRP,6071,1,06071
FBT,6071,1,06071
GRP,6071,1,06071
GRP,6071,1,06071
LFL,6071,1,06071
FBT,6071,1,06071
GRP,6071,1,06071
GRP,6071,1,06071
GRP,6071,1,06071
GRP,6071,1,06071
GRP,6071,1,06071
GRP,6071,1,06071
GRP,13189,1,13189
LFL,2100,1,02100
GRP,2100,1,02100
GRP,55073,1,55073
FBT,55073,1,55073
GRP,55073,1,55073
LFL,55073,1,55073
FBT,2150,1,02150
FBT,2261,1,02261
LFL,41023,1,41023
GRP,39133,1,39133
GRP,39133,1,39133
LFL,13111,1,13111
FBT,8085,1,08085
GRP,28113,1,28113
LFL,13021,1,13021
LFL,26111,1,26111
FBT,38009,1,38009
LFL,18003,1,18003
FBT,18003,1,18003
GRP,18003,1,18003
GRP,18011,1,18011
FBT,40021,1,40021
FBT,30029,1,30029
LFL,30089,1,30089
GRP,48059,1,48059
LFL,48159,1,48159
GRP,48231,1,48231
GRP,1103,1,01103
LFL,37133,1,37133
GRP,37133,1,37133
GRP,12005,1,12005
GRP,12005,1,12005
GRP,12005,1,12005
GRP,12005,1,12005
FBT,12005,1,12005
GRP,12005,1,12005
GRP,12005,1,12005
GRP,12005,1,12005
GRP,53033,1,53033
LFL,53033,1,53033
LFL,53033,1,53033
LFL,53033,1,53033
GRP,53033,1,53033
GRP,53033,1,53033
GRP,53033,1,53033
GRP,53033,1,53033
LFL,53033,1,53033
GRP,53033,1,53033
LFL,53033,1,53033
GRP,53033,1,53033
GRP,53033,1,53033
GRP,53033,1,53033
GRP,53033,1,53033
GRP,53033,1,53033
GRP,53033,1,53033
GRP,53033,1,53033
FBT,53033,1,53033
LFL,53033,1,53033
GRP,53033,1,53033
FBT,53033,1,53033
GRP,53033,1,53033
LFL,53033,1,53033
GRP,53033,1,53033
GRP,53033,1,53033
FBT,53033,1,53033
GRP,53033,1,53033
GRP,53033,1,53033
GRP,53033,1,53033
LFL,53033,1,53033
GRP,53033,1,53033
LFL,53033,1,53033
GRP,53033,1,53033
GRP,53033,1,53033
LFL,53033,1,53033
LFL,53007,1,53007
FBT,53007,1,53007
LFL,53007,1,53007
GRP,53007,1,53007
GRP,53007,1,53007
GRP,12035,1,12035
GRP,12035,1,12035
GRP,12035,1,12035
GRP,12035,1,12035
FBT,53037,1,53037
GRP,53037,1,53037
LFL,53037,1,53037
GRP,12095,1,12095
GRP,12095,1,12095
GRP,12095,1,12095
GRP,12095,1,12095
GRP,12095,1,12095
GRP,12095,1,12095
FBT,12095,1,12095
GRP,12095,1,12095
LFL,12095,1,12095
GRP,12095,1,12095
GRP,17063,1,17063
GRP,17063,1,17063
GRP,55097,1,55097
FBT,55097,1,55097
GRP,20037,1,20037
LFL,20037,1,20037
FBT,48221,1,48221
GRP,20111,1,20111
LFL,50015,1,50015
FBT,55141,1,55141
LFL,55141,1,55141
GRP,48183,1,48183
LFL,48183,1,48183
FBT,48183,1,48183
GRP,48183,1,48183
GRP,48183,1,48183
FBT,28105,1,28105
GRP,6057,1,06057
GRP,6057,1,06057
FBT,6057,1,06057
LFL,6057,1,06057
FBT,6057,1,06057
FBT,31045,1,31045
FBT,41033,1,41033
GRP,39089,1,39089
GRP,31019,1,31019
LFL,37135,1,37135
GRP,37135,1,37135
LFL,37135,1,37135
GRP,37135,1,37135
FBT,37135,1,37135
GRP,38093,1,38093
GRP,1003,1,01003
GRP,26075,1,26075
FBT,26075,1,26075
FBT,6109,1,06109
GRP,6109,1,06109
LFL,21073,1,21073
GRP,55047,1,55047
LFL,31047,1,31047
GRP,37025,1,37025
LFL,37025,1,37025
FBT,48329,1,48329
GRP,55103,1,55103
FBT,16085,1,16085
LFL,27137,1,27137
FBT,27137,1,27137
GRP,27137,1,27137
FBT,27137,1,27137
LFL,27137,1,27137
GRP,27137,1,27137
GRP,27137,1,27137
GRP,27137,1,27137
GRP,19183,1,19183
GRP,48265,1,48265
GRP,48265,1,48265
FBT,48265,1,48265
GRP,36003,1,36003
GRP,48303,1,48303
FBT,48303,1,48303
GRP,48303,1,48303
GRP,48303,1,48303
GRP,51775,1,51775
LFL,35057,1,35057
FBT,8125,1,08125
FBT,37097,1,37097
GRP,37097,1,37097
GRP,37097,1,37097
GRP,37097,1,37097
GRP,37097,1,37097
GRP,6083,1,06083
LFL,6083,1,06083
FBT,6083,1,06083
LFL,6083,1,06083
GRP,6083,1,06083
FBT,6083,1,06083
LFL,6083,1,06083
GRP,6083,1,06083
FBT,6083,1,06083
GRP,6083,1,06083
FBT,6083,1,06083
GRP,6105,1,06105
GRP,26145,1,26145
GRP,26145,1,26145
GRP,26145,1,26145
GRP,48143,1,48143
GRP,12101,1,12101
GRP,12101,1,12101
GRP,12101,1,12101
GRP,12101,1,12101
GRP,12101,1,12101
FBT,12101,1,12101
FBT,12101,1,12101
GRP,12101,1,12101
LFL,12101,1,12101
LFL,18099,1,18099
LFL,37081,1,37081
GRP,37081,1,37081
GRP,37081,1,37081
GRP,37081,1,37081
FBT,37081,1,37081
FBT,37081,1,37081
GRP,37081,1,37081
GRP,37081,1,37081
GRP,37081,1,37081
GRP,51610,1,51610
GRP,51610,1,51610
GRP,51610,1,51610
GRP,55105,1,55105
GRP,55105,1,55105
GRP,55105,1,55105
FBT,2220,1,02220
GRP,12111,1,12111
FBT,17109,1,17109
GRP,17109,1,17109
GRP,17163,1,17163
GRP,48299,1,48299
FBT,8101,1,08101
GRP,8101,1,08101
LFL,8101,1,08101
GRP,8101,1,08101
LFL,41015,1,41015
GRP,41015,1,41015
FBT,8003,1,08003
FBT,27109,1,27109
GRP,27109,1,27109
LFL,27109,1,27109
GRP,23009,1,23009
FBT,23009,1,23009
GRP,23009,1,23009
FBT,23009,1,23009
FBT,23009,1,23009
LFL,23009,1,23009
GRP,23009,1,23009
GRP,23009,1,23009
FBT,5143,1,05143
GRP,5143,1,05143
GRP,5143,1,05143
LFL,5143,1,05143
GRP,5143,1,05143
GRP,5143,1,05143
GRP,5143,1,05143
GRP,5119,1,05119
GRP,5119,1,05119
GRP,5119,1,05119
GRP,5119,1,05119
FBT,5119,1,05119
GRP,5119,1,05119
GRP,5119,1,05119
GRP,5119,1,05119
GRP,5119,1,05119
GRP,5119,1,05119
GRP,5119,1,05119
GRP,5085,1,05085
GRP,20169,1,20169
GRP,29001,1,29001
GRP,18131,1,18131
GRP,21083,1,21083
FBT,42021,1,42021
GRP,42021,1,42021
FBT,41043,1,41043
GRP,41043,1,41043
LFL,41043,1,41043
FBT,41047,1,41047
GRP,41047,1,41047
GRP,41047,1,41047
GRP,41047,1,41047
GRP,41047,1,41047
LFL,41047,1,41047
FBT,42071,1,42071
GRP,42071,1,42071
LFL,42071,1,42071
GRP,42071,1,42071
GRP,42071,1,42071
GRP,15009,1,15009
GRP,15009,1,15009
LFL,15009,1,15009
FBT,15009,1,15009
FBT,15009,1,15009
GRP,19113,1,19113
GRP,19113,1,19113
GRP,19113,1,19113
GRP,19113,1,19113
LFL,19113,1,19113
GRP,19113,1,19113
FBT,19113,1,19113
GRP,39073,1,39073
FBT,27031,1,27031
GRP,27031,1,27031
GRP,19161,1,19161
GRP,2185,1,02185
FBT,1073,1,01073
GRP,1073,1,01073
GRP,1073,1,01073
LFL,1073,1,01073
GRP,1073,1,01073
GRP,1073,1,01073
GRP,1073,1,01073
GRP,1073,1,01073
GRP,1073,1,01073
GRP,1073,1,01073
GRP,15001,1,15001
GRP,15001,1,15001
GRP,15001,1,15001
FBT,15001,1,15001
GRP,15001,1,15001
FBT,15001,1,15001
GRP,15001,1,15001
FBT,15001,1,15001
GRP,19193,1,19193
GRP,19193,1,19193
GRP,19193,1,19193
FBT,19193,1,19193
FBT,16013,1,16013
GRP,23027,1,23027
FBT,25025,1,25025
FBT,25025,1,25025
GRP,25025,1,25025
LFL,25025,1,25025
GRP,25025,1,25025
GRP,25025,1,25025
GRP,25011,1,25011
GRP,25011,1,25011
GRP,25011,1,25011
FBT,25011,1,25011
FBT,25011,1,25011
LFL,25011,1,25011
LFL,25011,1,25011
LFL,25011,1,25011
GRP,26017,1,26017
GRP,26017,1,26017
LFL,26007,1,26007
GRP,26007,1,26007
LFL,23025,1,23025
FBT,36075,1,36075
GRP,36075,1,36075
LFL,39095,1,39095
GRP,39095,1,39095
GRP,39095,1,39095
GRP,39095,1,39095
GRP,39095,1,39095
FBT,39095,1,39095
GRP,39095,1,39095
FBT,19139,1,19139
GRP,19139,1,19139
GRP,19139,1,19139
FBT,36059,1,36059
GRP,36059,1,36059
GRP,36059,1,36059
GRP,36059,1,36059
GRP,36059,1,36059
GRP,36059,1,36059
GRP,36059,1,36059
GRP,36059,1,36059
GRP,36059,1,36059
GRP,36059,1,36059
GRP,36059,1,36059
GRP,36059,1,36059
GRP,36059,1,36059
FBT,36059,1,36059
GRP,36059,1,36059
GRP,36059,1,36059
GRP,36059,1,36059
FBT,36059,1,36059
LFL,36059,1,36059
FBT,36059,1,36059
FBT,36059,1,36059
GRP,36059,1,36059
GRP,36059,1,36059
GRP,29127,1,29127
FBT,35017,1,35017
GRP,35017,1,35017
GRP,51107,1,51107
GRP,51107,1,51107
GRP,51107,1,51107
LFL,51107,1,51107
GRP,51107,1,51107
GRP,51107,1,51107
LFL,48091,1,48091
GRP,48091,1,48091
GRP,48091,1,48091
GRP,53025,1,53025
GRP,53025,1,53025
GRP,54017,1,54017
FBT,4007,1,04007
GRP,4007,1,04007
GRP,13217,1,13217
GRP,12119,1,12119
FBT,12119,1,12119
LFL,12119,1,12119
GRP,19065,1,19065
GRP,19099,1,19099
GRP,19099,1,19099
LFL,35051,1,35051
FBT,35051,1,35051
LFL,40027,1,40027
GRP,42003,1,42003
FBT,42003,1,42003
GRP,42003,1,42003
GRP,42003,1,42003
LFL,42003,1,42003
GRP,42003,1,42003
GRP,42003,1,42003
GRP,37175,1,37175
GRP,37175,1,37175
GRP,37049,1,37049
GRP,6099,1,06099
GRP,6099,1,06099
GRP,6099,1,06099
GRP,6099,1,06099
GRP,6099,1,06099
GRP,6099,1,06099
GRP,6099,1,06099
GRP,6099,1,06099
GRP,6099,1,06099
GRP,6099,1,06099
FBT,6099,1,06099
GRP,6099,1,06099
GRP,6099,1,06099
GRP,6099,1,06099
GRP,6099,1,06099
GRP,6099,1,06099
GRP,6099,1,06099
GRP,6099,1,06099
GRP,6099,1,06099
GRP,13089,1,13089
GRP,13089,1,13089
GRP,13089,1,13089
LFL,13089,1,13089
GRP,17141,1,17141
LFL,17141,1,17141
GRP,17141,1,17141
LFL,6003,1,06003
GRP,6093,1,06093
LFL,8083,1,08083
GRP,8083,1,08083
GRP,8083,1,08083
GRP,21093,1,21093
GRP,21093,1,21093
GRP,21093,1,21093
FBT,16015,1,16015
GRP,16019,1,16019
GRP,16019,1,16019
FBT,16019,1,16019
FBT,25023,1,25023
GRP,25023,1,25023
LFL,25023,1,25023
GRP,25023,1,25023
LFL,25023,1,25023
GRP,26043,1,26043
GRP,26043,1,26043
FBT,26043,1,26043
LFL,17085,1,17085
FBT,36055,1,36055
LFL,36055,1,36055
GRP,36055,1,36055
GRP,36055,1,36055
GRP,36055,1,36055
GRP,36055,1,36055
FBT,36055,1,36055
GRP,36055,1,36055
GRP,36055,1,36055
GRP,36043,1,36043
GRP,36043,1,36043
GRP,53047,1,53047
LFL,53047,1,53047
LFL,53047,1,53047
LFL,53047,1,53047
GRP,55059,1,55059
FBT,55059,1,55059
LFL,55059,1,55059
GRP,55059,1,55059
GRP,16079,1,16079
GRP,37027,1,37027
FBT,31145,1,31145
GRP,1077,1,01077
FBT,1077,1,01077
GRP,5007,1,05007
GRP,5007,1,05007
GRP,5007,1,05007
GRP,5007,1,05007
GRP,5007,1,05007
LFL,5007,1,05007
LFL,18053,1,18053
GRP,18053,1,18053
LFL,26117,1,26117
FBT,37147,1,37147
GRP,37147,1,37147
GRP,37147,1,37147
GRP,37147,1,37147
FBT,39077,1,39077
GRP,39077,1,39077
LFL,45041,1,45041
GRP,21211,1,21211
GRP,47105,1,47105
GRP,51087,1,51087
GRP,51087,1,51087
GRP,51087,1,51087
GRP,41009,1,41009
LFL,41009,1,41009
GRP,41025,1,41025
GRP,48491,1,48491
GRP,48491,1,48491
GRP,48491,1,48491
GRP,48491,1,48491
LFL,48491,1,48491
GRP,48491,1,48491
GRP,48491,1,48491
GRP,48491,1,48491
GRP,48491,1,48491
GRP,48491,1,48491
GRP,48491,1,48491
LFL,48491,1,48491
GRP,48491,1,48491
GRP,48491,1,48491
GRP,8005,1,08005
GRP,8005,1,08005
GRP,8005,1,08005
GRP,8005,1,08005
LFL,8005,1,08005
GRP,8005,1,08005
GRP,8005,1,08005
FBT,8005,1,08005
GRP,8005,1,08005
GRP,8005,1,08005
GRP,8005,1,08005
GRP,8005,1,08005
GRP,8005,1,08005
GRP,8005,1,08005
LFL,21227,1,21227
GRP,21227,1,21227
FBT,21227,1,21227
GRP,21227,1,21227
GRP,6015,1,06015
GRP,18043,1,18043
FBT,24045,1,24045
GRP,24045,1,24045
GRP,24045,1,24045
FBT,34011,1,34011
GRP,36061,1,36061
GRP,36061,1,36061
GRP,36061,1,36061
GRP,36061,1,36061
GRP,36061,1,36061
GRP,36061,1,36061
GRP,36061,1,36061
GRP,36061,1,36061
GRP,36061,1,36061
FBT,36061,1,36061
LFL,36061,1,36061
GRP,36061,1,36061
GRP,36061,1,36061
GRP,36061,1,36061
GRP,36061,1,36061
GRP,36061,1,36061
GRP,36061,1,36061
GRP,36061,1,36061
GRP,36061,1,36061
GRP,36061,1,36061
GRP,36061,1,36061
GRP,36061,1,36061
GRP,36061,1,36061
GRP,36061,1,36061
GRP,36061,1,36061
GRP,36061,1,36061
GRP,36061,1,36061
GRP,36061,1,36061
LFL,36061,1,36061
LFL,36061,1,36061
GRP,36061,1,36061
FBT,36061,1,36061
GRP,36061,1,36061
GRP,36061,1,36061
FBT,36061,1,36061
GRP,36061,1,36061
GRP,36061,1,36061
GRP,36061,1,36061
GRP,36061,1,36061
GRP,36061,1,36061
GRP,36061,1,36061
GRP,36061,1,36061
FBT,36089,1,36089
LFL,36089,1,36089
GRP,36089,1,36089
GRP,36089,1,36089
FBT,36089,1,36089
GRP,36089,1,36089
GRP,36089,1,36089
GRP,36089,1,36089
LFL,19057,1,19057
GRP,45007,1,45007
GRP,45007,1,45007
GRP,47157,1,47157
GRP,47157,1,47157
GRP,47157,1,47157
GRP,47157,1,47157
GRP,47157,1,47157
GRP,47157,1,47157
GRP,47157,1,47157
LFL,47157,1,47157
GRP,47157,1,47157
GRP,47157,1,47157
GRP,47157,1,47157
GRP,47157,1,47157
GRP,47157,1,47157
GRP,47157,1,47157
GRP,47157,1,47157
GRP,47157,1,47157
FBT,47157,1,47157
GRP,47157,1,47157
GRP,47157,1,47157
GRP,47157,1,47157
GRP,47157,1,47157
GRP,47157,1,47157
FBT,34019,1,34019
FBT,34019,1,34019
GRP,51650,1,51650
LFL,55123,1,55123
FBT,30111,1,30111
GRP,30111,1,30111
LFL,30111,1,30111
GRP,31079,1,31079
GRP,31079,1,31079
LFL,31079,1,31079
GRP,37067,1,37067
LFL,37067,1,37067
GRP,37067,1,37067
GRP,37067,1,37067
GRP,37067,1,37067
FBT,37067,1,37067
GRP,37053,1,37053
GRP,51121,1,51121
GRP,51121,1,51121
LFL,51121,1,51121
GRP,51760,1,51760
GRP,51760,1,51760
GRP,51760,1,51760
LFL,51760,1,51760
FBT,51760,1,51760
GRP,51760,1,51760
LFL,53021,1,53021
FBT,48139,1,48139
GRP,19169,1,19169
GRP,19169,1,19169
LFL,19169,1,19169
GRP,19169,1,19169
GRP,19169,1,19169
GRP,19169,1,19169
GRP,20173,1,20173
GRP,20173,1,20173
GRP,20173,1,20173
FBT,20173,1,20173
GRP,20173,1,20173
LFL,20173,1,20173
GRP,20173,1,20173
GRP,20173,1,20173
GRP,20173,1,20173
GRP,20173,1,20173
GRP,20173,1,20173
GRP,22089,1,22089
LFL,4019,1,04019
GRP,4019,1,04019
GRP,4019,1,04019
GRP,4019,1,04019
GRP,4019,1,04019
GRP,4019,1,04019
GRP,4019,1,04019
GRP,4019,1,04019
GRP,4019,1,04019
FBT,4019,1,04019
GRP,4019,1,04019
GRP,4019,1,04019
GRP,4019,1,04019
GRP,4019,1,04019
GRP,4019,1,04019
GRP,12099,1,12099
GRP,12099,1,12099
FBT,12099,1,12099
GRP,12099,1,12099
GRP,12099,1,12099
GRP,12099,1,12099
LFL,12099,1,12099
GRP,12099,1,12099
FBT,12099,1,12099
GRP,12099,1,12099
GRP,12099,1,12099
GRP,12099,1,12099
LFL,12099,1,12099
GRP,12099,1,12099
GRP,12099,1,12099
FBT,12099,1,12099
GRP,12099,1,12099
GRP,12099,1,12099
FBT,13127,1,13127
GRP,13127,1,13127
LFL,19061,1,19061
GRP,19061,1,19061
LFL,17101,1,17101
GRP,24037,1,24037
GRP,24037,1,24037
FBT,22033,1,22033
LFL,22033,1,22033
GRP,22033,1,22033
GRP,26127,1,26127
FBT,26127,1,26127
GRP,17111,1,17111
GRP,17111,1,17111
GRP,17111,1,17111
GRP,17111,1,17111
GRP,17111,1,17111
GRP,17111,1,17111
LFL,17111,1,17111
LFL,17111,1,17111
GRP,17111,1,17111
GRP,17089,1,17089
LFL,17089,1,17089
FBT,17089,1,17089
FBT,17089,1,17089
GRP,17089,1,17089
GRP,17089,1,17089
GRP,17089,1,17089
GRP,17089,1,17089
GRP,17089,1,17089
FBT,17089,1,17089
LFL,17089,1,17089
GRP,17089,1,17089
GRP,17089,1,17089
FBT,35035,1,35035
GRP,42049,1,42049
GRP,42049,1,42049
GRP,42049,1,42049
GRP,42049,1,42049
FBT,45019,1,45019
GRP,45019,1,45019
LFL,45019,1,45019
GRP,45019,1,45019
LFL,45091,1,45091
GRP,45091,1,45091
GRP,45091,1,45091
FBT,45091,1,45091
GRP,45091,1,45091
LFL,45091,1,45091
GRP,45091,1,45091
FBT,36071,1,36071
GRP,36071,1,36071
GRP,36071,1,36071
LFL,36071,1,36071
GRP,36071,1,36071
GRP,36071,1,36071
GRP,36071,1,36071
GRP,36071,1,36071
GRP,36071,1,36071
GRP,36071,1,36071
LFL,50025,1,50025
GRP,50025,1,50025
LFL,50025,1,50025
FBT,50025,1,50025
GRP,1101,1,01101
FBT,1101,1,01101
LFL,1101,1,01101
GRP,1101,1,01101
LFL,1055,1,01055
GRP,46103,1,46103
LFL,46103,1,46103
GRP,46103,1,46103
FBT,46103,1,46103
LFL,45013,1,45013
GRP,45013,1,45013
FBT,45013,1,45013
GRP,45013,1,45013
GRP,45013,1,45013
GRP,42017,1,42017
FBT,42017,1,42017
LFL,42017,1,42017
GRP,42017,1,42017
LFL,42017,1,42017
GRP,42017,1,42017
GRP,42017,1,42017
GRP,42017,1,42017
GRP,42017,1,42017
GRP,42017,1,42017
LFL,23023,1,23023
FBT,23023,1,23023
GRP,48085,1,48085
GRP,48085,1,48085
GRP,48085,1,48085
FBT,48085,1,48085
GRP,48085,1,48085
GRP,48085,1,48085
GRP,48085,1,48085
GRP,48085,1,48085
GRP,48085,1,48085
GRP,48085,1,48085
GRP,48085,1,48085
GRP,48085,1,48085
GRP,48085,1,48085
GRP,48085,1,48085
GRP,48085,1,48085
GRP,48085,1,48085
GRP,48085,1,48085
GRP,48085,1,48085
GRP,48085,1,48085
GRP,48085,1,48085
GRP,48085,1,48085
GRP,48085,1,48085
GRP,48085,1,48085
GRP,48085,1,48085
GRP,48085,1,48085
GRP,48085,1,48085
GRP,48085,1,48085
GRP,48085,1,48085
GRP,48085,1,48085
GRP,48085,1,48085
GRP,48085,1,48085
FBT,35015,1,35015
FBT,6027,1,06027
GRP,6027,1,06027
GRP,42005,1,42005
GRP,37109,1,37109
LFL,37087,1,37087
FBT,46027,1,46027
GRP,46027,1,46027
LFL,45035,1,45035
GRP,42047,1,42047
GRP,21107,1,21107
GRP,21107,1,21107
FBT,21107,1,21107
GRP,26003,1,26003
LFL,26003,1,26003
GRP,20079,1,20079
GRP,20079,1,20079
GRP,29510,1,29510
GRP,29510,1,29510
GRP,29510,1,29510
LFL,29510,1,29510
FBT,29510,1,29510
GRP,29510,1,29510
GRP,29510,1,29510
GRP,29510,1,29510
GRP,29510,1,29510
GRP,29510,1,29510
GRP,29510,1,29510
GRP,29510,1,29510
LFL,29510,1,29510
GRP,45031,1,45031
FBT,45031,1,45031
GRP,42029,1,42029
FBT,42029,1,42029
LFL,42029,1,42029
GRP,42029,1,42029
FBT,42029,1,42029
GRP,42029,1,42029
LFL,42029,1,42029
GRP,42029,1,42029
GRP,42029,1,42029
GRP,42029,1,42029
LFL,42031,1,42031
FBT,35039,1,35039
GRP,37063,1,37063
GRP,37063,1,37063
LFL,37063,1,37063
GRP,37063,1,37063
FBT,37063,1,37063
GRP,37063,1,37063
FBT,35031,1,35031
GRP,24013,1,24013
FBT,24013,1,24013
LFL,24013,1,24013
LFL,10003,1,10003
GRP,10003,1,10003
GRP,10003,1,10003
GRP,10003,1,10003
GRP,10003,1,10003
GRP,10003,1,10003
GRP,10003,1,10003
GRP,10003,1,10003
GRP,10003,1,10003
GRP,10003,1,10003
GRP,10003,1,10003
GRP,10003,1,10003
GRP,10003,1,10003
GRP,10003,1,10003
GRP,10003,1,10003
GRP,10003,1,10003
GRP,10003,1,10003
GRP,10003,1,10003
FBT,10003,1,10003
GRP,10003,1,10003
GRP,10003,1,10003
GRP,10003,1,10003
GRP,10003,1,10003
GRP,10003,1,10003
GRP,10003,1,10003
FBT,10003,1,10003
GRP,10003,1,10003
GRP,27069,1,27069
LFL,45043,1,45043
GRP,16055,1,16055
FBT,16055,1,16055
GRP,16055,1,16055
GRP,16055,1,16055
FBT,9007,1,09007
GRP,9007,1,09007
FBT,9007,1,09007
LFL,9007,1,09007
GRP,9007,1,09007
FBT,9007,1,09007
GRP,18039,1,18039
GRP,18039,1,18039
GRP,18039,1,18039
FBT,18039,1,18039
GRP,18039,1,18039
LFL,18039,1,18039
GRP,21127,1,21127
LFL,25003,1,25003
LFL,25003,1,25003
GRP,25003,1,25003
FBT,25003,1,25003
GRP,25003,1,25003
GRP,25003,1,25003
GRP,25003,1,25003
FBT,25003,1,25003
FBT,25003,1,25003
GRP,25003,1,25003
GRP,56035,1,56035
FBT,56035,1,56035
LFL,49005,1,49005
FBT,49005,1,49005
GRP,49005,1,49005
GRP,49005,1,49005
FBT,30053,1,30053
GRP,12001,1,12001
GRP,12001,1,12001
GRP,12001,1,12001
FBT,12001,1,12001
GRP,12001,1,12001
GRP,12001,1,12001
LFL,12001,1,12001
GRP,12001,1,12001
GRP,21151,1,21151
GRP,48177,1,48177
LFL,19191,1,19191
GRP,19191,1,19191
FBT,26061,1,26061
GRP,26061,1,26061
GRP,26061,1,26061
GRP,47167,1,47167
LFL,26065,1,26065
GRP,26065,1,26065
GRP,26065,1,26065
GRP,26065,1,26065
FBT,26065,1,26065
GRP,20191,1,20191
GRP,48245,1,48245
LFL,48245,1,48245
GRP,31177,1,31177
GRP,56001,1,56001
GRP,56001,1,56001
GRP,38105,1,38105
LFL,51147,1,51147
LFL,24029,1,24029
GRP,24029,1,24029
GRP,24031,1,24031
GRP,24031,1,24031
GRP,24031,1,24031
GRP,24031,1,24031
FBT,24031,1,24031
GRP,24031,1,24031
GRP,24031,1,24031
GRP,24031,1,24031
GRP,24031,1,24031
GRP,24031,1,24031
GRP,24031,1,24031
GRP,24031,1,24031
GRP,24031,1,24031
GRP,24031,1,24031
GRP,24031,1,24031
FBT,37129,1,37129
GRP,37129,1,37129
GRP,37129,1,37129
GRP,6077,1,06077
GRP,6077,1,06077
LFL,6077,1,06077
GRP,6077,1,06077
GRP,6077,1,06077
GRP,6077,1,06077
FBT,6077,1,06077
FBT,6077,1,06077
GRP,6077,1,06077
LFL,6077,1,06077
GRP,30031,1,30031
GRP,30031,1,30031
LFL,30031,1,30031
FBT,30031,1,30031
FBT,31013,1,31013
FBT,25005,1,25005
FBT,25005,1,25005
FBT,25005,1,25005
LFL,25005,1,25005
LFL,25005,1,25005
FBT,25005,1,25005
LFL,25005,1,25005
GRP,22019,1,22019
FBT,22019,1,22019
FBT,37037,1,37037
LFL,37037,1,37037
GRP,49011,1,49011
GRP,49011,1,49011
GRP,49011,1,49011
GRP,53011,1,53011
GRP,53011,1,53011
GRP,53011,1,53011
GRP,53011,1,53011
LFL,53011,1,53011
GRP,53011,1,53011
GRP,53011,1,53011
FBT,53011,1,53011
GRP,53011,1,53011
GRP,53011,1,53011
LFL,53011,1,53011
GRP,53011,1,53011
GRP,53011,1,53011
GRP,47155,1,47155
LFL,22061,1,22061
GRP,22061,1,22061
GRP,20149,1,20149
LFL,24510,1,24510
GRP,24510,1,24510
GRP,24510,1,24510
GRP,24510,1,24510
GRP,24510,1,24510
FBT,24510,1,24510
GRP,24510,1,24510
LFL,24510,1,24510
LFL,24510,1,24510
LFL,24510,1,24510
GRP,24510,1,24510
GRP,24510,1,24510
LFL,24510,1,24510
GRP,23001,1,23001
GRP,23001,1,23001
FBT,23001,1,23001
FBT,23001,1,23001
LFL,23001,1,23001
GRP,49049,1,49049
FBT,49049,1,49049
GRP,49049,1,49049
GRP,49049,1,49049
GRP,49049,1,49049
GRP,49049,1,49049
GRP,49049,1,49049
GRP,49049,1,49049
LFL,49039,1,49039
GRP,55093,1,55093
GRP,55093,1,55093
GRP,27163,1,27163
GRP,27163,1,27163
GRP,27163,1,27163
GRP,27163,1,27163
FBT,42095,1,42095
GRP,42095,1,42095
GRP,42095,1,42095
GRP,42095,1,42095
GRP,42095,1,42095
LFL,42095,1,42095
GRP,42095,1,42095
GRP,42095,1,42095
GRP,42095,1,42095
GRP,42095,1,42095
GRP,42095,1,42095
GRP,4021,1,04021
LFL,4021,1,04021
GRP,4017,1,04017
FBT,4017,1,04017
LFL,4017,1,04017
GRP,4027,1,04027
GRP,4027,1,04027
GRP,4027,1,04027
LFL,4027,1,04027
FBT,4027,1,04027
GRP,4027,1,04027
GRP,4027,1,04027
LFL,27025,1,27025
GRP,27025,1,27025
GRP,27025,1,27025
GRP,27025,1,27025
LFL,27025,1,27025
GRP,25021,1,25021
GRP,25021,1,25021
LFL,25021,1,25021
FBT,25021,1,25021
FBT,25021,1,25021
GRP,25021,1,25021
GRP,13247,1,13247
FBT,6025,1,06025
GRP,16017,1,16017
FBT,16017,1,16017
GRP,21195,1,21195
FBT,21195,1,21195
GRP,26139,1,26139
GRP,26139,1,26139
GRP,26139,1,26139
FBT,26139,1,26139
GRP,26139,1,26139
GRP,26139,1,26139
GRP,47165,1,47165
GRP,48043,1,48043
FBT,48043,1,48043
GRP,55109,1,55109
GRP,55109,1,55109
GRP,18089,1,18089
LFL,18089,1,18089
GRP,18089,1,18089
FBT,18089,1,18089
GRP,18089,1,18089
GRP,18089,1,18089
GRP,18089,1,18089
GRP,18089,1,18089
GRP,18089,1,18089
FBT,29095,1,29095
GRP,29095,1,29095
GRP,29095,1,29095
GRP,29095,1,29095
GRP,29095,1,29095
GRP,29095,1,29095
GRP,29095,1,29095
GRP,29095,1,29095
GRP,29095,1,29095
GRP,29095,1,29095
GRP,29095,1,29095
GRP,29095,1,29095
GRP,29095,1,29095
LFL,29095,1,29095
GRP,29095,1,29095
GRP,29095,1,29095
FBT,42085,1,42085
GRP,42085,1,42085
LFL,42085,1,42085
FBT,42079,1,42079
GRP,42079,1,42079
GRP,42079,1,42079
GRP,19103,1,19103
FBT,19103,1,19103
FBT,35053,1,35053
GRP,18157,1,18157
GRP,37165,1,37165
FBT,6009,1,06009
LFL,6009,1,06009
FBT,6009,1,06009
GRP,47001,1,47001
GRP,35055,1,35055
LFL,35055,1,35055
GRP,35055,1,35055
GRP,18085,1,18085
GRP,37057,1,37057
GRP,23005,1,23005
GRP,23005,1,23005
FBT,23005,1,23005
LFL,23005,1,23005
GRP,23005,1,23005
FBT,23005,1,23005
GRP,27013,1,27013
GRP,27013,1,27013
GRP,27013,1,27013
GRP,27013,1,27013
FBT,27013,1,27013
GRP,51093,1,51093
GRP,55021,1,55021
GRP,47059,1,47059
FBT,47059,1,47059
GRP,21019,1,21019
LFL,42013,1,42013
GRP,42013,1,42013
LFL,25019,1,25019
GRP,25019,1,25019
FBT,25019,1,25019
LFL,27103,1,27103
GRP,30093,1,30093
LFL,46135,1,46135
FBT,35045,1,35045
LFL,45003,1,45003
GRP,45003,1,45003
FBT,41003,1,41003
GRP,41003,1,41003
GRP,41003,1,41003
GRP,41003,1,41003
GRP,41003,1,41003
LFL,41039,1,41039
LFL,41039,1,41039
GRP,41039,1,41039
GRP,41039,1,41039
FBT,41039,1,41039
GRP,41039,1,41039
GRP,41039,1,41039
GRP,55129,1,55129
GRP,31055,1,31055
GRP,31055,1,31055
GRP,31055,1,31055
FBT,31055,1,31055
GRP,31055,1,31055
GRP,31055,1,31055
GRP,31055,1,31055
GRP,31055,1,31055
LFL,31055,1,31055
GRP,31055,1,31055
GRP,31055,1,31055
GRP,31055,1,31055
GRP,31055,1,31055
GRP,31055,1,31055
GRP,31055,1,31055
GRP,5069,1,05069
GRP,5069,1,05069
LFL,47009,1,47009
GRP,47009,1,47009
FBT,47079,1,47079
FBT,47079,1,47079
GRP,25013,1,25013
GRP,25013,1,25013
FBT,25013,1,25013
FBT,25013,1,25013
GRP,25013,1,25013
GRP,25013,1,25013
FBT,50021,1,50021
GRP,50021,1,50021
LFL,50021,1,50021
GRP,41031,1,41031
LFL,41031,1,41031
GRP,41031,1,41031
FBT,41031,1,41031
GRP,51013,1,51013
GRP,51013,1,51013
GRP,51013,1,51013
LFL,53057,1,53057
FBT,53057,1,53057
FBT,53057,1,53057
GRP,53057,1,53057
GRP,53071,1,53071
GRP,53071,1,53071
LFL,53071,1,53071
FBT,53071,1,53071
GRP,13057,1,13057
GRP,13057,1,13057
LFL,13057,1,13057
GRP,48325,1,48325
LFL,48325,1,48325
FBT,29021,1,29021
GRP,29021,1,29021
LFL,26055,1,26055
FBT,26055,1,26055
GRP,26055,1,26055
GRP,36109,1,36109
GRP,36109,1,36109
FBT,36109,1,36109
LFL,36109,1,36109
GRP,36067,1,36067
GRP,36067,1,36067
GRP,36067,1,36067
GRP,36067,1,36067
GRP,36067,1,36067
GRP,36067,1,36067
GRP,36067,1,36067
GRP,36067,1,36067
LFL,36067,1,36067
GRP,36067,1,36067
GRP,36067,1,36067
GRP,36067,1,36067
GRP,36067,1,36067
FBT,36067,1,36067
FBT,45051,1,45051
GRP,45051,1,45051
GRP,36001,1,36001
GRP,36001,1,36001
GRP,36001,1,36001
FBT,36001,1,36001
GRP,36001,1,36001
GRP,36001,1,36001
LFL,36001,1,36001
GRP,13121,1,13121
GRP,13121,1,13121
GRP,13121,1,13121
GRP,13121,1,13121
GRP,13121,1,13121
GRP,13121,1,13121
GRP,13121,1,13121
GRP,13121,1,13121
GRP,13121,1,13121
GRP,13121,1,13121
GRP,13121,1,13121
GRP,13121,1,13121
GRP,13121,1,13121
GRP,13121,1,13121
LFL,13121,1,13121
GRP,13121,1,13121
GRP,13121,1,13121
GRP,13121,1,13121
GRP,13121,1,13121
GRP,13121,1,13121
GRP,13121,1,13121
GRP,13121,1,13121
FBT,13121,1,13121
LFL,13121,1,13121
GRP,13121,1,13121
GRP,13121,1,13121
FBT,2090,1,02090
GRP,2090,1,02090
GRP,2090,1,02090
GRP,2090,1,02090
GRP,56039,1,56039
FBT,56039,1,56039
GRP,8059,1,08059
LFL,8059,1,08059
GRP,8059,1,08059
GRP,8059,1,08059
GRP,8059,1,08059
FBT,8029,1,08029
GRP,13063,1,13063
FBT,36103,1,36103
GRP,36103,1,36103
GRP,36103,1,36103
GRP,36103,1,36103
GRP,36103,1,36103
GRP,36103,1,36103
GRP,36103,1,36103
GRP,36103,1,36103
GRP,36103,1,36103
GRP,36103,1,36103
LFL,36103,1,36103
GRP,36103,1,36103
LFL,36103,1,36103
GRP,36103,1,36103
FBT,36103,1,36103
LFL,36103,1,36103
GRP,36103,1,36103
GRP,36103,1,36103
FBT,36103,1,36103
GRP,36103,1,36103
FBT,36103,1,36103
GRP,36103,1,36103
FBT,36103,1,36103
GRP,36103,1,36103
GRP,36103,1,36103
GRP,36103,1,36103
GRP,36103,1,36103
GRP,36103,1,36103
GRP,36103,1,36103
GRP,36103,1,36103
LFL,36103,1,36103
GRP,36103,1,36103
GRP,36103,1,36103
GRP,36103,1,36103
FBT,36103,1,36103
GRP,36103,1,36103
GRP,36103,1,36103
GRP,36103,1,36103
GRP,36103,1,36103
LFL,36045,1,36045
GRP,36045,1,36045
GRP,36045,1,36045
GRP,36045,1,36045
FBT,36045,1,36045
GRP,34041,1,34041
LFL,34041,1,34041
GRP,51191,1,51191
GRP,1015,1,01015
LFL,1015,1,01015
GRP,54009,1,54009
GRP,4013,1,04013
GRP,4013,1,04013
GRP,4013,1,04013
GRP,4013,1,04013
GRP,4013,1,04013
GRP,4013,1,04013
GRP,4013,1,04013
GRP,4013,1,04013
LFL,4013,1,04013
GRP,4013,1,04013
GRP,4013,1,04013
GRP,4013,1,04013
GRP,4013,1,04013
GRP,4013,1,04013
GRP,4013,1,04013
GRP,4013,1,04013
GRP,4013,1,04013
FBT,4013,1,04013
GRP,4013,1,04013
GRP,4013,1,04013
GRP,4013,1,04013
GRP,4013,1,04013
GRP,4013,1,04013
GRP,4013,1,04013
GRP,4013,1,04013
GRP,4013,1,04013
GRP,4013,1,04013
GRP,4013,1,04013
GRP,4013,1,04013
GRP,4013,1,04013
GRP,4013,1,04013
GRP,4013,1,04013
GRP,4013,1,04013
GRP,4013,1,04013
GRP,4013,1,04013
GRP,4013,1,04013
GRP,4013,1,04013
GRP,4013,1,04013
GRP,4013,1,04013
GRP,4013,1,04013
GRP,4013,1,04013
GRP,4013,1,04013
GRP,4013,1,04013
GRP,4013,1,04013
GRP,4013,1,04013
GRP,4013,1,04013
GRP,4013,1,04013
FBT,4013,1,04013
GRP,4013,1,04013
GRP,4013,1,04013
GRP,4013,1,04013
GRP,4013,1,04013
GRP,4013,1,04013
GRP,4013,1,04013
GRP,4013,1,04013
GRP,4013,1,04013
GRP,4013,1,04013
GRP,4013,1,04013
GRP,4013,1,04013
GRP,4013,1,04013
GRP,4013,1,04013
LFL,4013,1,04013
GRP,4013,1,04013
GRP,4013,1,04013
GRP,4013,1,04013
GRP,4013,1,04013
GRP,4013,1,04013
GRP,4013,1,04013
GRP,4013,1,04013
GRP,4013,1,04013
GRP,4013,1,04013
GRP,4013,1,04013
GRP,4013,1,04013
GRP,4013,1,04013
GRP,4013,1,04013
GRP,4013,1,04013
GRP,4013,1,04013
GRP,4013,1,04013
GRP,4013,1,04013
GRP,4013,1,04013
FBT,28081,1,28081
GRP,28081,1,28081
GRP,28071,1,28071
LFL,28071,1,28071
FBT,38035,1,38035
LFL,38035,1,38035
GRP,42045,1,42045
GRP,42045,1,42045
GRP,42045,1,42045
LFL,42045,1,42045
GRP,42045,1,42045
FBT,42045,1,42045
GRP,44003,1,44003
GRP,44003,1,44003
GRP,31053,1,31053
GRP,54057,1,54057
GRP,4009,1,04009
LFL,8049,1,08049
GRP,13299,1,13299
GRP,29007,1,29007
FBT,44007,1,44007
GRP,44007,1,44007
FBT,44007,1,44007
FBT,44007,1,44007
LFL,44007,1,44007
GRP,44007,1,44007
GRP,44007,1,44007
LFL,54011,1,54011
GRP,54011,1,54011
GRP,6007,1,06007
GRP,6007,1,06007
GRP,6007,1,06007
GRP,6007,1,06007
FBT,6007,1,06007
GRP,18037,1,18037
LFL,18037,1,18037
GRP,18037,1,18037
GRP,19011,1,19011
GRP,26093,1,26093
GRP,26093,1,26093
GRP,26093,1,26093
GRP,26093,1,26093
GRP,26093,1,26093
GRP,27099,1,27099
GRP,28053,1,28053
GRP,21021,1,21021
LFL,21021,1,21021
GRP,37199,1,37199
GRP,37199,1,37199
GRP,1047,1,01047
GRP,18095,1,18095
FBT,18095,1,18095
GRP,18095,1,18095
GRP,20055,1,20055
GRP,29101,1,29101
GRP,31109,1,31109
GRP,31109,1,31109
LFL,31109,1,31109
GRP,31109,1,31109
GRP,31109,1,31109
GRP,31109,1,31109
FBT,31109,1,31109
FBT,31109,1,31109
GRP,34035,1,34035
GRP,34035,1,34035
GRP,34035,1,34035
FBT,34035,1,34035
GRP,36121,1,36121
GRP,39159,1,39159
GRP,39159,1,39159
LFL,42063,1,42063
FBT,42063,1,42063
GRP,37091,1,37091
FBT,48291,1,48291
GRP,22055,1,22055
FBT,22055,1,22055
LFL,22055,1,22055
GRP,28121,1,28121
FBT,28049,1,28049
GRP,28049,1,28049
GRP,37051,1,37051
LFL,41071,1,41071
GRP,42077,1,42077
GRP,42077,1,42077
LFL,48453,1,48453
GRP,48453,1,48453
GRP,48453,1,48453
GRP,48453,1,48453
GRP,48453,1,48453
GRP,48453,1,48453
GRP,48453,1,48453
GRP,48453,1,48453
GRP,48453,1,48453
GRP,48453,1,48453
FBT,48453,1,48453
GRP,48453,1,48453
GRP,48453,1,48453
GRP,48453,1,48453
GRP,48453,1,48453
GRP,48453,1,48453
GRP,48453,1,48453
GRP,48453,1,48453
GRP,48453,1,48453
GRP,48453,1,48453
GRP,48453,1,48453
GRP,48453,1,48453
GRP,48453,1,48453
GRP,48453,1,48453
GRP,48453,1,48453
GRP,48453,1,48453
LFL,48339,1,48339
GRP,48339,1,48339
GRP,48339,1,48339
GRP,48339,1,48339
GRP,48339,1,48339
GRP,48339,1,48339
GRP,48339,1,48339
LFL,51195,1,51195
GRP,51840,1,51840
GRP,51840,1,51840
GRP,39139,1,39139
GRP,29019,1,29019
GRP,29019,1,29019
LFL,29019,1,29019
FBT,29019,1,29019
GRP,35049,1,35049
GRP,35049,1,35049
FBT,35049,1,35049
GRP,35049,1,35049
LFL,35049,1,35049
GRP,35049,1,35049
GRP,41017,1,41017
GRP,41017,1,41017
GRP,41017,1,41017
FBT,41017,1,41017
GRP,41017,1,41017
GRP,41017,1,41017
FBT,41017,1,41017
LFL,41017,1,41017
LFL,42117,1,42117
GRP,37137,1,37137
GRP,56033,1,56033
GRP,42103,1,42103
FBT,42103,1,42103
LFL,42103,1,42103
GRP,42103,1,42103
GRP,37155,1,37155
GRP,48021,1,48021
LFL,48021,1,48021
GRP,48309,1,48309
GRP,48309,1,48309
GRP,48039,1,48039
GRP,48039,1,48039
GRP,39013,1,39013
FBT,39173,1,39173
GRP,39173,1,39173
FBT,55087,1,55087
LFL,55087,1,55087
GRP,55087,1,55087
GRP,55087,1,55087
GRP,41007,1,41007
LFL,41007,1,41007
FBT,41007,1,41007
GRP,42081,1,42081
GRP,42037,1,42037
GRP,48377,1,48377
GRP,49021,1,49021
LFL,48347,1,48347
FBT,48347,1,48347
GRP,48477,1,48477
LFL,48477,1,48477
FBT,48477,1,48477
GRP,49003,1,49003
LFL,21017,1,21017
GRP,37005,1,37005
LFL,51073,1,51073
GRP,51171,1,51171
LFL,51171,1,51171
GRP,54045,1,54045
GRP,8051,1,08051
GRP,8051,1,08051
GRP,37085,1,37085
GRP,48381,1,48381
GRP,8123,1,08123
GRP,8123,1,08123
GRP,8123,1,08123
GRP,13313,1,13313
FBT,13313,1,13313
FBT,37095,1,37095
LFL,51790,1,51790
GRP,51790,1,51790
FBT,51790,1,51790
GRP,4003,1,04003
FBT,4003,1,04003
GRP,4003,1,04003
GRP,4003,1,04003
LFL,4003,1,04003
GRP,6111,1,06111
GRP,6111,1,06111
GRP,6111,1,06111
GRP,6111,1,06111
GRP,6111,1,06111
FBT,6111,1,06111
GRP,6111,1,06111
GRP,6111,1,06111
GRP,6111,1,06111
FBT,6111,1,06111
GRP,6111,1,06111
GRP,6111,1,06111
GRP,6111,1,06111
GRP,6111,1,06111
GRP,6111,1,06111
GRP,6111,1,06111
FBT,6111,1,06111
GRP,6111,1,06111
LFL,6111,1,06111
GRP,6111,1,06111
LFL,6111,1,06111
GRP,6111,1,06111
GRP,6111,1,06111
GRP,6111,1,06111
FBT,6111,1,06111
GRP,6111,1,06111
GRP,6059,1,06059
GRP,6059,1,06059
GRP,6059,1,06059
FBT,6059,1,06059
GRP,6059,1,06059
GRP,6059,1,06059
GRP,6059,1,06059
LFL,6059,1,06059
FBT,6059,1,06059
GRP,6059,1,06059
GRP,6059,1,06059
GRP,6059,1,06059
GRP,6059,1,06059
GRP,6059,1,06059
GRP,6059,1,06059
LFL,6059,1,06059
GRP,6059,1,06059
LFL,6059,1,06059
GRP,6059,1,06059
GRP,6059,1,06059
GRP,6059,1,06059
GRP,6059,1,06059
GRP,6059,1,06059
GRP,6059,1,06059
GRP,6059,1,06059
GRP,6059,1,06059
GRP,6059,1,06059
GRP,6059,1,06059
GRP,6059,1,06059
GRP,6059,1,06059
LFL,6059,1,06059
LFL,6059,1,06059
GRP,6059,1,06059
GRP,6059,1,06059
LFL,6059,1,06059
GRP,6059,1,06059
GRP,6059,1,06059
GRP,6059,1,06059
LFL,6059,1,06059
GRP,6059,1,06059
GRP,12053,1,12053
FBT,12053,1,12053
GRP,13029,1,13029
GRP,17119,1,17119
LFL,17119,1,17119
GRP,12015,1,12015
GRP,12015,1,12015
GRP,19163,1,19163
GRP,19163,1,19163
FBT,19163,1,19163
GRP,19163,1,19163
GRP,19163,1,19163
GRP,5015,1,05015
GRP,6029,1,06029
GRP,6029,1,06029
LFL,6029,1,06029
GRP,6029,1,06029
GRP,6029,1,06029
FBT,6029,1,06029
GRP,6029,1,06029
GRP,12071,1,12071
FBT,12071,1,12071
LFL,12071,1,12071
GRP,12071,1,12071
GRP,12071,1,12071
GRP,12071,1,12071
GRP,12071,1,12071
GRP,12071,1,12071
GRP,12071,1,12071
GRP,8107,1,08107
FBT,8107,1,08107
GRP,21059,1,21059
GRP,21059,1,21059
GRP,21059,1,21059
GRP,16005,1,16005
LFL,16005,1,16005
FBT,16005,1,16005
GRP,16081,1,16081
GRP,24015,1,24015
LFL,24015,1,24015
GRP,24015,1,24015
GRP,24015,1,24015
GRP,24015,1,24015
FBT,26147,1,26147
GRP,26147,1,26147
GRP,26147,1,26147
LFL,26147,1,26147
GRP,26147,1,26147
FBT,26147,1,26147
FBT,6013,1,06013
GRP,6013,1,06013
GRP,6013,1,06013
FBT,6013,1,06013
GRP,6013,1,06013
GRP,6013,1,06013
GRP,6013,1,06013
LFL,6013,1,06013
GRP,6013,1,06013
GRP,6013,1,06013
GRP,6013,1,06013
GRP,6013,1,06013
GRP,6013,1,06013
LFL,6013,1,06013
FBT,6013,1,06013
GRP,6013,1,06013
LFL,9009,1,09009
GRP,9009,1,09009
GRP,9009,1,09009
GRP,9009,1,09009
GRP,9009,1,09009
GRP,9009,1,09009
GRP,9009,1,09009
FBT,9009,1,09009
GRP,9009,1,09009
GRP,9009,1,09009
GRP,9009,1,09009
GRP,9009,1,09009
FBT,9009,1,09009
GRP,9009,1,09009
LFL,9009,1,09009
GRP,9009,1,09009
GRP,9009,1,09009
LFL,9009,1,09009
GRP,9009,1,09009
GRP,9009,1,09009
GRP,9009,1,09009
GRP,9009,1,09009
GRP,18173,1,18173
GRP,12069,1,12069
GRP,12069,1,12069
GRP,12069,1,12069
FBT,12069,1,12069
GRP,12069,1,12069
GRP,12069,1,12069
GRP,12069,1,12069
FBT,23013,1,23013
LFL,23013,1,23013
GRP,26163,1,26163
FBT,26163,1,26163
GRP,26163,1,26163
GRP,26163,1,26163
GRP,26163,1,26163
GRP,26163,1,26163
GRP,26163,1,26163
FBT,26163,1,26163
GRP,26163,1,26163
GRP,26163,1,26163
GRP,26163,1,26163
GRP,26163,1,26163
GRP,26163,1,26163
GRP,26163,1,26163
LFL,26163,1,26163
LFL,26163,1,26163
GRP,26163,1,26163
GRP,26163,1,26163
GRP,26163,1,26163
GRP,26163,1,26163
FBT,28033,1,28033
GRP,28033,1,28033
GRP,24027,1,24027
GRP,24027,1,24027
GRP,24027,1,24027
LFL,24027,1,24027
GRP,24027,1,24027
FBT,29113,1,29113
GRP,10001,1,10001
FBT,10001,1,10001
GRP,10001,1,10001
GRP,10001,1,10001
LFL,10001,1,10001
FBT,18151,1,18151
GRP,26081,1,26081
GRP,26081,1,26081
FBT,26081,1,26081
LFL,26081,1,26081
LFL,26081,1,26081
GRP,26081,1,26081
GRP,26081,1,26081
GRP,26081,1,26081
LFL,26081,1,26081
GRP,26081,1,26081
GRP,34029,1,34029
GRP,34029,1,34029
GRP,34029,1,34029
GRP,34029,1,34029
FBT,34029,1,34029
GRP,18167,1,18167
FBT,18167,1,18167
FBT,36015,1,36015
FBT,34003,1,34003
GRP,34003,1,34003
FBT,34003,1,34003
GRP,34003,1,34003
FBT,34003,1,34003
GRP,34003,1,34003
LFL,34003,1,34003
LFL,34003,1,34003
LFL,34003,1,34003
GRP,34003,1,34003
GRP,34003,1,34003
FBT,34003,1,34003
GRP,34003,1,34003
GRP,34003,1,34003
LFL,36119,1,36119
GRP,36119,1,36119
GRP,36119,1,36119
GRP,36119,1,36119
GRP,36119,1,36119
LFL,36119,1,36119
LFL,36119,1,36119
GRP,36119,1,36119
GRP,36119,1,36119
GRP,36119,1,36119
GRP,36119,1,36119
GRP,36119,1,36119
GRP,36119,1,36119
GRP,36119,1,36119
GRP,36119,1,36119
GRP,36119,1,36119
GRP,36119,1,36119
GRP,36119,1,36119
FBT,36119,1,36119
GRP,36119,1,36119
GRP,36119,1,36119
GRP,36119,1,36119
GRP,36119,1,36119
GRP,36119,1,36119
GRP,36119,1,36119
LFL,36119,1,36119
GRP,36119,1,36119
GRP,36119,1,36119
FBT,36119,1,36119
GRP,36063,1,36063
GRP,37189,1,37189
LFL,37189,1,37189
GRP,27023,1,27023
GRP,42089,1,42089
GRP,42089,1,42089
LFL,42089,1,42089
GRP,42089,1,42089
GRP,42089,1,42089
GRP,35043,1,35043
LFL,26091,1,26091
GRP,26091,1,26091
GRP,26091,1,26091
FBT,26091,1,26091
GRP,26091,1,26091
GRP,27157,1,27157
GRP,27157,1,27157
GRP,27071,1,27071
GRP,17023,1,17023
GRP,17023,1,17023
FBT,27005,1,27005
GRP,34023,1,34023
GRP,34023,1,34023
GRP,34023,1,34023
LFL,34023,1,34023
GRP,34023,1,34023
FBT,34023,1,34023
LFL,34023,1,34023
FBT,34023,1,34023
GRP,34023,1,34023
GRP,34023,1,34023
FBT,20177,1,20177
LFL,20177,1,20177
GRP,20177,1,20177
GRP,20177,1,20177
GRP,48485,1,48485
GRP,48485,1,48485
GRP,48485,1,48485
GRP,48485,1,48485
FBT,48485,1,48485
GRP,54107,1,54107
FBT,54107,1,54107
GRP,54107,1,54107
GRP,54033,1,54033
GRP,25009,1,25009
FBT,25009,1,25009
GRP,25009,1,25009
LFL,25009,1,25009
FBT,25009,1,25009
LFL,25009,1,25009
FBT,25009,1,25009
GRP,25009,1,25009
GRP,25009,1,25009
LFL,25009,1,25009
LFL,25009,1,25009
FBT,25009,1,25009
GRP,47019,1,47019
GRP,18057,1,18057
GRP,18057,1,18057
GRP,18057,1,18057
GRP,18057,1,18057
GRP,18057,1,18057
FBT,18097,1,18097
GRP,18097,1,18097
GRP,18097,1,18097
GRP,18097,1,18097
GRP,18097,1,18097
GRP,18097,1,18097
GRP,18097,1,18097
LFL,18097,1,18097
GRP,18097,1,18097
GRP,18097,1,18097
GRP,18097,1,18097
GRP,18097,1,18097
GRP,18097,1,18097
GRP,18097,1,18097
GRP,28089,1,28089
FBT,26033,1,26033
LFL,26033,1,26033
LFL,26033,1,26033
GRP,12089,1,12089
GRP,12089,1,12089
LFL,12089,1,12089
GRP,28051,1,28051
LFL,27049,1,27049
GRP,42119,1,42119
LFL,42119,1,42119
LFL,33003,1,33003
LFL,33003,1,33003
FBT,33003,1,33003
GRP,33003,1,33003
LFL,51770,1,51770
FBT,51770,1,51770
GRP,19145,1,19145
GRP,19145,1,19145
FBT,41011,1,41011
GRP,41011,1,41011
GRP,41011,1,41011
LFL,41011,1,41011
GRP,41011,1,41011
GRP,41019,1,41019
FBT,41019,1,41019
GRP,12023,1,12023
LFL,27123,1,27123
GRP,27123,1,27123
GRP,27123,1,27123
GRP,27123,1,27123
GRP,27123,1,27123
LFL,27123,1,27123
GRP,27123,1,27123
GRP,27123,1,27123
GRP,27123,1,27123
LFL,27123,1,27123
GRP,27123,1,27123
GRP,27123,1,27123
GRP,27123,1,27123
LFL,9015,1,09015
GRP,9015,1,09015
FBT,9015,1,09015
GRP,9011,1,09011
GRP,9011,1,09011
GRP,9011,1,09011
GRP,9011,1,09011
LFL,9011,1,09011
GRP,9011,1,09011
FBT,9011,1,09011
GRP,9011,1,09011
GRP,9011,1,09011
GRP,41005,1,41005
GRP,41005,1,41005
GRP,41005,1,41005
GRP,41005,1,41005
GRP,41005,1,41005
GRP,6045,1,06045
FBT,6045,1,06045
LFL,6045,1,06045
FBT,6045,1,06045
GRP,6045,1,06045
GRP,6045,1,06045
FBT,6045,1,06045
GRP,6045,1,06045
LFL,6045,1,06045
GRP,8035,1,08035
GRP,8035,1,08035
GRP,8035,1,08035
GRP,8035,1,08035
GRP,8035,1,08035
GRP,48259,1,48259
LFL,36065,1,36065
GRP,36065,1,36065
GRP,36065,1,36065
GRP,36065,1,36065
LFL,36065,1,36065
GRP,36065,1,36065
GRP,36065,1,36065
FBT,37113,1,37113
GRP,37113,1,37113
LFL,54039,1,54039
GRP,54039,1,54039
GRP,42039,1,42039
FBT,21205,1,21205
GRP,47187,1,47187
GRP,47187,1,47187
GRP,47187,1,47187
GRP,47187,1,47187
LFL,47187,1,47187
GRP,47187,1,47187
GRP,16069,1,16069
FBT,16069,1,16069
GRP,5033,1,05033
FBT,53015,1,53015
GRP,53015,1,53015
GRP,12017,1,12017
FBT,12017,1,12017
GRP,45083,1,45083
LFL,55025,1,55025
GRP,55025,1,55025
GRP,55025,1,55025
GRP,55025,1,55025
FBT,55025,1,55025
GRP,55025,1,55025
GRP,55025,1,55025
GRP,42127,1,42127
FBT,36077,1,36077
GRP,36077,1,36077
LFL,12103,1,12103
GRP,12103,1,12103
GRP,12103,1,12103
GRP,12103,1,12103
GRP,12103,1,12103
GRP,12103,1,12103
GRP,12103,1,12103
FBT,12103,1,12103
GRP,12103,1,12103
GRP,12103,1,12103
GRP,12103,1,12103
GRP,12103,1,12103
GRP,12019,1,12019
GRP,12019,1,12019
GRP,12019,1,12019
GRP,12019,1,12019
LFL,6097,1,06097
FBT,6097,1,06097
GRP,6097,1,06097
GRP,6097,1,06097
FBT,6097,1,06097
GRP,6097,1,06097
LFL,6097,1,06097
GRP,6097,1,06097
GRP,6097,1,06097
FBT,6097,1,06097
GRP,6097,1,06097
GRP,6097,1,06097
GRP,6097,1,06097
FBT,6097,1,06097
FBT,6097,1,06097
GRP,6097,1,06097
GRP,6097,1,06097
GRP,6097,1,06097
GRP,6097,1,06097
FBT,40109,1,40109
GRP,40109,1,40109
GRP,40109,1,40109
GRP,40109,1,40109
LFL,40109,1,40109
GRP,12113,1,12113
GRP,12113,1,12113
GRP,12113,1,12113
GRP,12113,1,12113
GRP,12117,1,12117
GRP,12117,1,12117
GRP,12117,1,12117
GRP,12117,1,12117
GRP,40119,1,40119
LFL,40119,1,40119
GRP,40119,1,40119
GRP,48397,1,48397
GRP,48397,1,48397
GRP,48423,1,48423
GRP,48423,1,48423
GRP,48423,1,48423
LFL,36033,1,36033
GRP,36033,1,36033
FBT,36033,1,36033
GRP,36033,1,36033
FBT,36033,1,36033
GRP,28035,1,28035
GRP,54027,1,54027
LFL,6115,1,06115
GRP,48215,1,48215
GRP,48215,1,48215
FBT,48215,1,48215
LFL,48215,1,48215
GRP,48215,1,48215
GRP,48215,1,48215
GRP,48215,1,48215
GRP,48215,1,48215
GRP,48215,1,48215
GRP,48215,1,48215
GRP,48215,1,48215
FBT,48215,1,48215
GRP,48215,1,48215
FBT,36049,1,36049
GRP,1095,1,01095
GRP,36007,1,36007
GRP,36007,1,36007
LFL,36007,1,36007
GRP,36007,1,36007
FBT,36007,1,36007
GRP,36093,1,36093
GRP,36093,1,36093
LFL,48041,1,48041
GRP,48041,1,48041
GRP,48041,1,48041
GRP,48041,1,48041
GRP,48041,1,48041
FBT,48041,1,48041
FBT,28047,1,28047
GRP,28047,1,28047
FBT,49053,1,49053
LFL,49053,1,49053
GRP,49053,1,49053
FBT,49053,1,49053
GRP,49053,1,49053
GRP,12127,1,12127
LFL,12127,1,12127
GRP,12127,1,12127
FBT,12127,1,12127
GRP,12127,1,12127
GRP,12127,1,12127
GRP,12127,1,12127
GRP,12127,1,12127
FBT,12127,1,12127
GRP,12127,1,12127
GRP,12127,1,12127
GRP,36101,1,36101
GRP,36101,1,36101
GRP,36101,1,36101
GRP,55101,1,55101
GRP,55101,1,55101
FBT,55101,1,55101
LFL,6047,1,06047
GRP,6047,1,06047
GRP,6047,1,06047
GRP,6047,1,06047
FBT,6047,1,06047
GRP,6047,1,06047
GRP,6047,1,06047
GRP,6047,1,06047
GRP,6047,1,06047
LFL,55063,1,55063
FBT,55063,1,55063
FBT,55063,1,55063
GRP,55063,1,55063
GRP,37139,1,37139
GRP,51061,1,51061
GRP,51061,1,51061
GRP,36017,1,36017
GRP,32031,1,32031
GRP,32031,1,32031
GRP,32031,1,32031
FBT,32031,1,32031
GRP,32031,1,32031
GRP,32031,1,32031
GRP,32031,1,32031
LFL,32031,1,32031
GRP,32031,1,32031
GRP,32031,1,32031
GRP,32031,1,32031
FBT,32031,1,32031
LFL,36105,1,36105
FBT,36105,1,36105
LFL,36105,1,36105
GRP,42041,1,42041
LFL,42041,1,42041
GRP,42041,1,42041
GRP,5135,1,05135
LFL,6107,1,06107
LFL,6107,1,06107
GRP,6107,1,06107
GRP,6107,1,06107
GRP,6107,1,06107
FBT,6107,1,06107
GRP,36079,1,36079
FBT,36087,1,36087
LFL,36087,1,36087
GRP,36087,1,36087
GRP,36087,1,36087
GRP,36087,1,36087
GRP,36087,1,36087
LFL,36087,1,36087
GRP,9001,1,09001
GRP,9001,1,09001
GRP,9001,1,09001
GRP,9001,1,09001
GRP,9001,1,09001
LFL,9001,1,09001
GRP,9001,1,09001
GRP,9001,1,09001
LFL,9001,1,09001
GRP,9001,1,09001
FBT,9001,1,09001
GRP,9001,1,09001
GRP,9001,1,09001
LFL,9001,1,09001
GRP,9001,1,09001
GRP,9001,1,09001
FBT,9001,1,09001
GRP,9001,1,09001
LFL,9001,1,09001
GRP,9001,1,09001
GRP,9001,1,09001
GRP,9001,1,09001
GRP,9001,1,09001
GRP,9001,1,09001
GRP,9001,1,09001
GRP,9001,1,09001
GRP,9001,1,09001
GRP,9001,1,09001
GRP,9001,1,09001
GRP,9001,1,09001
FBT,9001,1,09001
GRP,9001,1,09001
GRP,9001,1,09001
GRP,9001,1,09001
GRP,9001,1,09001
LFL,9001,1,09001
GRP,9001,1,09001
FBT,9001,1,09001
LFL,9001,1,09001
GRP,9001,1,09001
GRP,9001,1,09001
FBT,29091,1,29091
GRP,6067,1,06067
GRP,6067,1,06067
GRP,6067,1,06067
GRP,6067,1,06067
LFL,6067,1,06067
FBT,6067,1,06067
GRP,6067,1,06067
GRP,6067,1,06067
GRP,6067,1,06067
GRP,6067,1,06067
GRP,6067,1,06067
GRP,6067,1,06067
GRP,6067,1,06067
GRP,6067,1,06067
GRP,6067,1,06067
GRP,6067,1,06067
LFL,34001,1,34001
GRP,34001,1,34001
GRP,34001,1,34001
GRP,16083,1,16083
FBT,16083,1,16083
GRP,39151,1,39151
GRP,39151,1,39151
GRP,39151,1,39151
GRP,1117,1,01117
GRP,1117,1,01117
LFL,41053,1,41053
GRP,20045,1,20045
GRP,20045,1,20045
GRP,20045,1,20045
GRP,20045,1,20045
LFL,20045,1,20045
GRP,20045,1,20045
GRP,20045,1,20045
FBT,20045,1,20045
FBT,6095,1,06095
GRP,6095,1,06095
LFL,6095,1,06095
GRP,6095,1,06095
GRP,6095,1,06095
FBT,6095,1,06095
GRP,6095,1,06095
LFL,6095,1,06095
LFL,51710,1,51710
FBT,51710,1,51710
GRP,51710,1,51710
LFL,51710,1,51710
FBT,51710,1,51710
GRP,51710,1,51710
GRP,8014,1,08014
GRP,8014,1,08014
GRP,54069,1,54069
FBT,54069,1,54069
LFL,37039,1,37039
GRP,25027,1,25027
FBT,25027,1,25027
FBT,25027,1,25027
GRP,25027,1,25027
LFL,25027,1,25027
FBT,25027,1,25027
GRP,25027,1,25027
GRP,25027,1,25027
FBT,25027,1,25027
FBT,25027,1,25027
GRP,25027,1,25027
GRP,39017,1,39017
FBT,39017,1,39017
FBT,22015,1,22015
GRP,22015,1,22015
FBT,41051,1,41051
GRP,41051,1,41051
GRP,41051,1,41051
LFL,41051,1,41051
GRP,41051,1,41051
GRP,41051,1,41051
GRP,41051,1,41051
GRP,41051,1,41051
GRP,41051,1,41051
GRP,41051,1,41051
GRP,41051,1,41051
GRP,41051,1,41051
LFL,41051,1,41051
GRP,41051,1,41051
LFL,41051,1,41051
LFL,41051,1,41051
FBT,37019,1,37019
LFL,47141,1,47141
GRP,8031,1,08031
GRP,8031,1,08031
GRP,8031,1,08031
GRP,8031,1,08031
FBT,8031,1,08031
GRP,8031,1,08031
GRP,8031,1,08031
GRP,8031,1,08031
GRP,8031,1,08031
GRP,8031,1,08031
GRP,51740,1,51740
GRP,8013,1,08013
GRP,8013,1,08013
GRP,8013,1,08013
GRP,8013,1,08013
LFL,8013,1,08013
FBT,8013,1,08013
FBT,8013,1,08013
FBT,8013,1,08013
GRP,8013,1,08013
GRP,8013,1,08013
GRP,8013,1,08013
GRP,8013,1,08013
GRP,8013,1,08013
GRP,8013,1,08013
GRP,8013,1,08013
GRP,8013,1,08013
GRP,8013,1,08013
GRP,8013,1,08013
GRP,8013,1,08013
GRP,8013,1,08013
LFL,8013,1,08013
FBT,22071,1,22071
LFL,22071,1,22071
GRP,22071,1,22071
GRP,22071,1,22071
GRP,22071,1,22071
GRP,22071,1,22071
GRP,22071,1,22071
GRP,1091,1,01091
GRP,51041,1,51041
GRP,51041,1,51041
GRP,51041,1,51041
GRP,51041,1,51041
GRP,51041,1,51041
GRP,29037,1,29037
GRP,29037,1,29037
GRP,29037,1,29037
LFL,8069,1,08069
GRP,8069,1,08069
GRP,8069,1,08069
GRP,8069,1,08069
GRP,47037,1,47037
GRP,47037,1,47037
GRP,47037,1,47037
GRP,47037,1,47037
LFL,47037,1,47037
GRP,47037,1,47037
GRP,47037,1,47037
FBT,47037,1,47037
GRP,47037,1,47037
GRP,47037,1,47037
GRP,42027,1,42027
LFL,42027,1,42027
GRP,42027,1,42027
GRP,42027,1,42027
FBT,42027,1,42027
GRP,51800,1,51800
GRP,22073,1,22073
GRP,22073,1,22073
GRP,48389,1,48389
GRP,8041,1,08041
GRP,8041,1,08041
GRP,8041,1,08041
GRP,8041,1,08041
GRP,8041,1,08041
GRP,8041,1,08041
GRP,8041,1,08041
LFL,8041,1,08041
GRP,8041,1,08041
FBT,8041,1,08041
GRP,39167,1,39167
LFL,39167,1,39167
GRP,39167,1,39167
GRP,1127,1,01127
GRP,1127,1,01127
GRP,47189,1,47189
LFL,26047,1,26047
GRP,26047,1,26047
FBT,26047,1,26047
GRP,37185,1,37185
GRP,26115,1,26115
GRP,26115,1,26115
GRP,26115,1,26115
LFL,26115,1,26115
GRP,30063,1,30063
FBT,30063,1,30063
GRP,30063,1,30063
GRP,54065,1,54065
FBT,34005,1,34005
GRP,34005,1,34005
GRP,34005,1,34005
FBT,27045,1,27045
GRP,48439,1,48439
FBT,48439,1,48439
GRP,48439,1,48439
LFL,48439,1,48439
GRP,48439,1,48439
GRP,48439,1,48439
GRP,48439,1,48439
GRP,48439,1,48439
GRP,48439,1,48439
GRP,48439,1,48439
GRP,48439,1,48439
GRP,48439,1,48439
GRP,48439,1,48439
GRP,48439,1,48439
GRP,48439,1,48439
GRP,48439,1,48439
GRP,48439,1,48439
GRP,48439,1,48439
GRP,48439,1,48439
GRP,48439,1,48439
GRP,48439,1,48439
GRP,48439,1,48439
GRP,48439,1,48439
GRP,48439,1,48439
GRP,48439,1,48439
GRP,48439,1,48439
GRP,17031,1,17031
GRP,17031,1,17031
FBT,17031,1,17031
LFL,17031,1,17031
GRP,17031,1,17031
GRP,17031,1,17031
GRP,17031,1,17031
GRP,17031,1,17031
GRP,17031,1,17031
LFL,17031,1,17031
GRP,17031,1,17031
GRP,17031,1,17031
GRP,17031,1,17031
GRP,17031,1,17031
GRP,17031,1,17031
GRP,17031,1,17031
GRP,17031,1,17031
LFL,17031,1,17031
LFL,17031,1,17031
GRP,17031,1,17031
GRP,17031,1,17031
FBT,17031,1,17031
FBT,17031,1,17031
LFL,17031,1,17031
LFL,17031,1,17031
GRP,17031,1,17031
LFL,17031,1,17031
GRP,17031,1,17031
GRP,17031,1,17031
GRP,17031,1,17031
GRP,17031,1,17031
GRP,17031,1,17031
FBT,17031,1,17031
GRP,17031,1,17031
GRP,17031,1,17031
GRP,17031,1,17031
GRP,17031,1,17031
GRP,17031,1,17031
GRP,17031,1,17031
GRP,17031,1,17031
GRP,17031,1,17031
LFL,17031,1,17031
GRP,51550,1,51550
GRP,51550,1,51550
GRP,51550,1,51550
GRP,51550,1,51550
GRP,51550,1,51550
FBT,55035,1,55035
LFL,55035,1,55035
GRP,55035,1,55035
GRP,55035,1,55035
LFL,17091,1,17091
GRP,18163,1,18163
FBT,18163,1,18163
GRP,18163,1,18163
GRP,18163,1,18163
GRP,9013,1,09013
GRP,9013,1,09013
GRP,9013,1,09013
GRP,9013,1,09013
FBT,21111,1,21111
GRP,21111,1,21111
GRP,21111,1,21111
GRP,21111,1,21111
GRP,21111,1,21111
GRP,21111,1,21111
FBT,21111,1,21111
GRP,21111,1,21111
GRP,21111,1,21111
GRP,21111,1,21111
GRP,21111,1,21111
LFL,21111,1,21111
GRP,48209,1,48209
GRP,48209,1,48209
GRP,48209,1,48209
GRP,48209,1,48209
GRP,48209,1,48209
FBT,37131,1,37131
GRP,39113,1,39113
GRP,39113,1,39113
FBT,39113,1,39113
GRP,39113,1,39113
GRP,39113,1,39113
GRP,39113,1,39113
GRP,39113,1,39113
LFL,39113,1,39113
GRP,39113,1,39113
LFL,6075,1,06075
GRP,6075,1,06075
GRP,6075,1,06075
GRP,6075,1,06075
FBT,6075,1,06075
GRP,6075,1,06075
GRP,6075,1,06075
GRP,6075,1,06075
GRP,6075,1,06075
LFL,6075,1,06075
GRP,6075,1,06075
GRP,6075,1,06075
LFL,17153,1,17153
FBT,17153,1,17153
GRP,5145,1,05145
GRP,39005,1,39005
GRP,39005,1,39005
LFL,41041,1,41041
GRP,41041,1,41041
GRP,15003,1,15003
GRP,15003,1,15003
GRP,15003,1,15003
GRP,15003,1,15003
LFL,15003,1,15003
GRP,15003,1,15003
GRP,15003,1,15003
GRP,15003,1,15003
FBT,15003,1,15003
GRP,15003,1,15003
GRP,12087,1,12087
GRP,12087,1,12087
FBT,12087,1,12087
GRP,1081,1,01081
FBT,1081,1,01081
GRP,48409,1,48409
GRP,6043,1,06043
FBT,2130,1,02130
GRP,2130,1,02130
GRP,17183,1,17183
GRP,53009,1,53009
GRP,53009,1,53009
FBT,53009,1,53009
GRP,53027,1,53027
LFL,53027,1,53027
GRP,53027,1,53027
FBT,12109,1,12109
GRP,12109,1,12109
GRP,12109,1,12109
GRP,12109,1,12109
GRP,12109,1,12109
GRP,12109,1,12109
LFL,12109,1,12109
LFL,53031,1,53031
GRP,6041,1,06041
GRP,6041,1,06041
GRP,6041,1,06041
GRP,6041,1,06041
GRP,6041,1,06041
LFL,6041,1,06041
GRP,6041,1,06041
LFL,6041,1,06041
GRP,6041,1,06041
GRP,6041,1,06041
GRP,6041,1,06041
GRP,39081,1,39081
GRP,35009,1,35009
GRP,39001,1,39001
GRP,34009,1,34009
GRP,34009,1,34009
FBT,34009,1,34009
GRP,32003,1,32003
GRP,32003,1,32003
GRP,32003,1,32003
GRP,32003,1,32003
FBT,32003,1,32003
GRP,32003,1,32003
GRP,32003,1,32003
GRP,32003,1,32003
GRP,32003,1,32003
GRP,32003,1,32003
GRP,32003,1,32003
LFL,32003,1,32003
GRP,32003,1,32003
GRP,32003,1,32003
GRP,32003,1,32003
FBT,32003,1,32003
GRP,32003,1,32003
GRP,32003,1,32003
LFL,32003,1,32003
GRP,32003,1,32003
FBT,53055,1,53055
GRP,53055,1,53055
LFL,53055,1,53055
GRP,53055,1,53055
GRP,8097,1,08097
FBT,19101,1,19101
GRP,19101,1,19101
LFL,19101,1,19101
GRP,16057,1,16057
GRP,16057,1,16057
GRP,16057,1,16057
GRP,12097,1,12097
LFL,12097,1,12097
GRP,12097,1,12097
GRP,12097,1,12097
GRP,12097,1,12097
GRP,12097,1,12097
GRP,12097,1,12097
GRP,12097,1,12097
GRP,27171,1,27171
GRP,13297,1,13297
GRP,13297,1,13297
GRP,34013,1,34013
GRP,34013,1,34013
LFL,34013,1,34013
GRP,34013,1,34013
LFL,34013,1,34013
GRP,34013,1,34013
GRP,34013,1,34013
GRP,34013,1,34013
FBT,34013,1,34013
LFL,34013,1,34013
GRP,34013,1,34013
GRP,34013,1,34013
LFL,34013,1,34013
FBT,34013,1,34013
GRP,29189,1,29189
GRP,29189,1,29189
GRP,29189,1,29189
LFL,29189,1,29189
GRP,29189,1,29189
GRP,29189,1,29189
GRP,29189,1,29189
GRP,22063,1,22063
GRP,1097,1,01097
GRP,1097,1,01097
GRP,1097,1,01097
LFL,1097,1,01097
FBT,1097,1,01097
GRP,53073,1,53073
FBT,53073,1,53073
LFL,53073,1,53073
GRP,53073,1,53073
LFL,53073,1,53073
GRP,48371,1,48371
LFL,17161,1,17161
GRP,6065,1,06065
GRP,6065,1,06065
GRP,6065,1,06065
GRP,6065,1,06065
GRP,6065,1,06065
FBT,6065,1,06065
FBT,6065,1,06065
FBT,6065,1,06065
GRP,6065,1,06065
GRP,6065,1,06065
GRP,6065,1,06065
GRP,6065,1,06065
GRP,6065,1,06065
GRP,6065,1,06065
GRP,6065,1,06065
GRP,6065,1,06065
GRP,6065,1,06065
FBT,6065,1,06065
GRP,6065,1,06065
LFL,6065,1,06065
GRP,6065,1,06065
GRP,6065,1,06065
GRP,6065,1,06065
GRP,6065,1,06065
FBT,6065,1,06065
GRP,6065,1,06065
GRP,6065,1,06065
GRP,6065,1,06065
GRP,6065,1,06065
GRP,6065,1,06065
GRP,6065,1,06065
GRP,6065,1,06065
GRP,48113,1,48113
GRP,48113,1,48113
GRP,48113,1,48113
GRP,48113,1,48113
GRP,48113,1,48113
GRP,48113,1,48113
GRP,48113,1,48113
GRP,48113,1,48113
GRP,48113,1,48113
GRP,48113,1,48113
GRP,48113,1,48113
GRP,48113,1,48113
FBT,48113,1,48113
GRP,48113,1,48113
GRP,48113,1,48113
GRP,48113,1,48113
GRP,48113,1,48113
LFL,48113,1,48113
GRP,48113,1,48113
GRP,48113,1,48113
GRP,48113,1,48113
FBT,48113,1,48113
GRP,48113,1,48113
GRP,48113,1,48113
GRP,48113,1,48113
GRP,48113,1,48113
GRP,48113,1,48113
GRP,50003,1,50003
GRP,50003,1,50003
FBT,50003,1,50003
LFL,50003,1,50003
GRP,48355,1,48355
GRP,48355,1,48355
GRP,48355,1,48355
GRP,48355,1,48355
LFL,48355,1,48355
FBT,48355,1,48355
GRP,48355,1,48355
LFL,48355,1,48355
GRP,13073,1,13073
GRP,13073,1,13073
GRP,13073,1,13073
GRP,51085,1,51085
GRP,13135,1,13135
GRP,13135,1,13135
GRP,13135,1,13135
GRP,13135,1,13135
FBT,13135,1,13135
GRP,13135,1,13135
LFL,13135,1,13135
GRP,13135,1,13135
GRP,13135,1,13135
GRP,13135,1,13135
GRP,13135,1,13135
GRP,39023,1,39023
GRP,39023,1,39023
GRP,36019,1,36019
FBT,36019,1,36019
FBT,36019,1,36019
LFL,54037,1,54037
GRP,50007,1,50007
LFL,50007,1,50007
FBT,50007,1,50007
FBT,50007,1,50007
GRP,50007,1,50007
LFL,50007,1,50007
LFL,50007,1,50007
FBT,39145,1,39145
GRP,2110,1,02110
FBT,2110,1,02110
GRP,2110,1,02110
GRP,2110,1,02110
LFL,2110,1,02110
GRP,55079,1,55079
GRP,55079,1,55079
FBT,55079,1,55079
GRP,55079,1,55079
GRP,55079,1,55079
GRP,55079,1,55079
LFL,55079,1,55079
LFL,55079,1,55079
FBT,55079,1,55079
GRP,34021,1,34021
GRP,34021,1,34021
GRP,34021,1,34021
LFL,34021,1,34021
GRP,34021,1,34021
FBT,34021,1,34021
LFL,34021,1,34021
GRP,37009,1,37009
GRP,50023,1,50023
LFL,50023,1,50023
GRP,50023,1,50023
GRP,39147,1,39147
GRP,34017,1,34017
GRP,34017,1,34017
GRP,34017,1,34017
GRP,34017,1,34017
LFL,34017,1,34017
LFL,34017,1,34017
GRP,39045,1,39045
GRP,36047,1,36047
GRP,36047,1,36047
GRP,36047,1,36047
FBT,36047,1,36047
GRP,35001,1,35001
LFL,35001,1,35001
GRP,35001,1,35001
GRP,35001,1,35001
GRP,35001,1,35001
GRP,35001,1,35001
GRP,35001,1,35001
FBT,35001,1,35001
GRP,35001,1,35001
GRP,35001,1,35001
GRP,19049,1,19049
GRP,19049,1,19049
GRP,19049,1,19049
GRP,17199,1,17199
GRP,8067,1,08067
GRP,8067,1,08067
GRP,8067,1,08067
GRP,8067,1,08067
LFL,8067,1,08067
FBT,8067,1,08067
GRP,39157,1,39157
GRP,39093,1,39093
GRP,39093,1,39093
GRP,39093,1,39093
GRP,39093,1,39093
GRP,39093,1,39093
FBT,39093,1,39093
LFL,37021,1,37021
LFL,37021,1,37021
GRP,37021,1,37021
GRP,37021,1,37021
FBT,37021,1,37021
LFL,37021,1,37021
GRP,37021,1,37021
GRP,5031,1,05031
FBT,5031,1,05031
GRP,35005,1,35005
FBT,35005,1,35005
FBT,37023,1,37023
GRP,37111,1,37111
GRP,12115,1,12115
FBT,12115,1,12115
GRP,12115,1,12115
LFL,12115,1,12115
GRP,12115,1,12115
GRP,12115,1,12115
GRP,12115,1,12115
FBT,13185,1,13185
GRP,13139,1,13139
FBT,17001,1,17001
GRP,27139,1,27139
GRP,27139,1,27139
GRP,27139,1,27139
FBT,36013,1,36013
GRP,36013,1,36013
GRP,36013,1,36013
LFL,36013,1,36013
LFL,36013,1,36013
GRP,34025,1,34025
GRP,34025,1,34025
FBT,34025,1,34025
FBT,34025,1,34025
GRP,34025,1,34025
GRP,34025,1,34025
GRP,34025,1,34025
GRP,34025,1,34025
GRP,34025,1,34025
GRP,34025,1,34025
LFL,34025,1,34025
GRP,34025,1,34025
GRP,34025,1,34025
GRP,34025,1,34025
FBT,34025,1,34025
LFL,34025,1,34025
GRP,39087,1,39087
GRP,26103,1,26103
LFL,26103,1,26103
FBT,26103,1,26103
GRP,15007,1,15007
GRP,15007,1,15007
FBT,27035,1,27035
GRP,27035,1,27035
FBT,39169,1,39169
LFL,39169,1,39169
GRP,48469,1,48469
LFL,33017,1,33017
GRP,33017,1,33017
GRP,5045,1,05045
LFL,5045,1,05045
GRP,5045,1,05045
GRP,5045,1,05045
GRP,5045,1,05045
GRP,31153,1,31153
GRP,31153,1,31153
GRP,31153,1,31153
GRP,31153,1,31153
GRP,51179,1,51179
GRP,38089,1,38089
LFL,38101,1,38101
GRP,38101,1,38101
GRP,47115,1,47115
GRP,27037,1,27037
GRP,27037,1,27037
GRP,18035,1,18035
GRP,18035,1,18035
GRP,18035,1,18035
GRP,18035,1,18035
FBT,27061,1,27061
GRP,27061,1,27061
LFL,20209,1,20209
GRP,48479,1,48479
GRP,48479,1,48479
FBT,48479,1,48479
GRP,48481,1,48481
GRP,13219,1,13219
LFL,13219,1,13219
GRP,54109,1,54109
GRP,54109,1,54109
GRP,34037,1,34037
GRP,34037,1,34037
GRP,34037,1,34037
GRP,33019,1,33019
GRP,36081,1,36081
GRP,36081,1,36081
GRP,36081,1,36081
LFL,36081,1,36081
GRP,36081,1,36081
GRP,36081,1,36081
GRP,36081,1,36081
GRP,36081,1,36081
FBT,36081,1,36081
FBT,36081,1,36081
FBT,12055,1,12055
GRP,37089,1,37089
LFL,37089,1,37089
GRP,37089,1,37089
GRP,37089,1,37089
FBT,37089,1,37089
FBT,12061,1,12061
GRP,12061,1,12061
GRP,12061,1,12061
GRP,5131,1,05131
GRP,5131,1,05131
GRP,5131,1,05131
FBT,5131,1,05131
FBT,13259,1,13259
GRP,39035,1,39035
FBT,39035,1,39035
GRP,39035,1,39035
GRP,39035,1,39035
GRP,39035,1,39035
GRP,39035,1,39035
GRP,39035,1,39035
GRP,39035,1,39035
GRP,39035,1,39035
GRP,39035,1,39035
GRP,39035,1,39035
LFL,39035,1,39035
GRP,39035,1,39035
GRP,39035,1,39035
GRP,13117,1,13117
GRP,13117,1,13117
GRP,13117,1,13117
GRP,13117,1,13117
LFL,13117,1,13117
GRP,6085,1,06085
LFL,6085,1,06085
GRP,6085,1,06085
GRP,6085,1,06085
FBT,6085,1,06085
LFL,6085,1,06085
GRP,6085,1,06085
GRP,6085,1,06085
LFL,6085,1,06085
GRP,6085,1,06085
GRP,6085,1,06085
GRP,6085,1,06085
GRP,6085,1,06085
FBT,6085,1,06085
GRP,6085,1,06085
LFL,6085,1,06085
GRP,6085,1,06085
GRP,6085,1,06085
GRP,6085,1,06085
GRP,6085,1,06085
GRP,6085,1,06085
GRP,6085,1,06085
GRP,6085,1,06085
GRP,6085,1,06085
FBT,6085,1,06085
GRP,6085,1,06085
LFL,6085,1,06085
GRP,6085,1,06085
GRP,6085,1,06085
GRP,6085,1,06085
GRP,6085,1,06085
FBT,6085,1,06085
GRP,6085,1,06085
GRP,6085,1,06085
GRP,6085,1,06085
GRP,28095,1,28095
GRP,42101,1,42101
GRP,42101,1,42101
GRP,42101,1,42101
GRP,42101,1,42101
GRP,42101,1,42101
LFL,42101,1,42101
GRP,42101,1,42101
GRP,42101,1,42101
LFL,42101,1,42101
GRP,42101,1,42101
FBT,42101,1,42101
GRP,42101,1,42101
GRP,42101,1,42101
GRP,42101,1,42101
LFL,33015,1,33015
GRP,33015,1,33015
GRP,33015,1,33015
FBT,33015,1,33015
GRP,36083,1,36083
GRP,36083,1,36083
GRP,36083,1,36083
GRP,37071,1,37071
GRP,37071,1,37071
FBT,37071,1,37071
GRP,37071,1,37071
GRP,42123,1,42123
FBT,18141,1,18141
LFL,18141,1,18141
GRP,18141,1,18141
GRP,8053,1,08053
GRP,24009,1,24009
GRP,24009,1,24009
GRP,24009,1,24009
GRP,48201,1,48201
GRP,48201,1,48201
GRP,48201,1,48201
GRP,48201,1,48201
GRP,48201,1,48201
GRP,48201,1,48201
LFL,48201,1,48201
GRP,48201,1,48201
GRP,48201,1,48201
LFL,48201,1,48201
GRP,48201,1,48201
GRP,48201,1,48201
GRP,48201,1,48201
GRP,48201,1,48201
GRP,48201,1,48201
GRP,48201,1,48201
GRP,48201,1,48201
GRP,48201,1,48201
GRP,48201,1,48201
GRP,48201,1,48201
GRP,48201,1,48201
GRP,48201,1,48201
GRP,48201,1,48201
GRP,48201,1,48201
GRP,48201,1,48201
GRP,48201,1,48201
GRP,48201,1,48201
FBT,48201,1,48201
GRP,48201,1,48201
GRP,48201,1,48201
GRP,48201,1,48201
GRP,48201,1,48201
GRP,48201,1,48201
GRP,48201,1,48201
GRP,48201,1,48201
GRP,48201,1,48201
GRP,48201,1,48201
GRP,48201,1,48201
GRP,48201,1,48201
GRP,48201,1,48201
GRP,48201,1,48201
GRP,48201,1,48201
GRP,48201,1,48201
GRP,48201,1,48201
GRP,48201,1,48201
GRP,48201,1,48201
LFL,48201,1,48201
GRP,48201,1,48201
GRP,48201,1,48201
GRP,48201,1,48201
GRP,48201,1,48201
GRP,48201,1,48201
GRP,48201,1,48201
GRP,48201,1,48201
GRP,48201,1,48201
GRP,48201,1,48201
GRP,48201,1,48201
GRP,48201,1,48201
GRP,48201,1,48201
GRP,48201,1,48201
GRP,48201,1,48201
GRP,48201,1,48201
GRP,51700,1,51700
GRP,51700,1,51700
LFL,51700,1,51700
FBT,51700,1,51700
GRP,2170,1,02170
LFL,2170,1,02170
FBT,36085,1,36085
FBT,36111,1,36111
FBT,36111,1,36111
LFL,36111,1,36111
LFL,36111,1,36111
LFL,36111,1,36111
FBT,36111,1,36111
GRP,36111,1,36111
GRP,39049,1,39049
GRP,39049,1,39049
FBT,39049,1,39049
GRP,39049,1,39049
LFL,39049,1,39049
GRP,39049,1,39049
GRP,39049,1,39049
GRP,39049,1,39049
GRP,39049,1,39049
GRP,39049,1,39049
GRP,39049,1,39049
GRP,39049,1,39049
GRP,39049,1,39049
GRP,39049,1,39049
GRP,39049,1,39049
GRP,39049,1,39049
GRP,39049,1,39049
GRP,39049,1,39049
GRP,39049,1,39049
GRP,39049,1,39049
GRP,6061,1,06061
GRP,6061,1,06061
GRP,6061,1,06061
GRP,6061,1,06061
GRP,6061,1,06061
GRP,6061,1,06061
LFL,6061,1,06061
LFL,6061,1,06061
GRP,6061,1,06061
GRP,20091,1,20091
GRP,20091,1,20091
GRP,20091,1,20091
GRP,20091,1,20091
GRP,20091,1,20091
GRP,20091,1,20091
GRP,20091,1,20091
GRP,20091,1,20091
GRP,20091,1,20091
GRP,20091,1,20091
FBT,20091,1,20091
GRP,20091,1,20091
GRP,20091,1,20091
GRP,20091,1,20091
GRP,20091,1,20091
GRP,20091,1,20091
GRP,20091,1,20091
GRP,20091,1,20091
GRP,9005,1,09005
LFL,9005,1,09005
GRP,9005,1,09005
GRP,9005,1,09005
GRP,9005,1,09005
FBT,9005,1,09005
GRP,9005,1,09005
LFL,9005,1,09005
FBT,1069,1,01069
GRP,1069,1,01069
FBT,47149,1,47149
GRP,47149,1,47149
FBT,47149,1,47149
GRP,53061,1,53061
GRP,53061,1,53061
GRP,53061,1,53061
GRP,53061,1,53061
GRP,53061,1,53061
GRP,53061,1,53061
LFL,53061,1,53061
GRP,53061,1,53061
GRP,53061,1,53061
LFL,53061,1,53061
FBT,53061,1,53061
GRP,53061,1,53061
GRP,53061,1,53061
GRP,39061,1,39061
GRP,39061,1,39061
GRP,39061,1,39061
GRP,39061,1,39061
FBT,39061,1,39061
GRP,39061,1,39061
GRP,39061,1,39061
LFL,39061,1,39061
LFL,47081,1,47081
GRP,12081,1,12081
GRP,12081,1,12081
GRP,51001,1,51001
FBT,51001,1,51001
GRP,51001,1,51001
GRP,24035,1,24035
GRP,24035,1,24035
GRP,25015,1,25015
GRP,25015,1,25015
GRP,25015,1,25015
FBT,25015,1,25015
FBT,25015,1,25015
GRP,25015,1,25015
FBT,5051,1,05051
GRP,5051,1,05051
GRP,32510,1,32510
GRP,32510,1,32510
GRP,2020,1,02020
GRP,2020,1,02020
GRP,2020,1,02020
GRP,2020,1,02020
GRP,2020,1,02020
FBT,2020,1,02020
GRP,2020,1,02020
GRP,2020,1,02020
GRP,2020,1,02020
GRP,2020,1,02020
GRP,2020,1,02020
GRP,2020,1,02020
GRP,2020,1,02020
GRP,13223,1,13223
GRP,13223,1,13223
GRP,13223,1,13223
GRP,13113,1,13113
GRP,13113,1,13113
GRP,13113,1,13113
GRP,13113,1,13113
FBT,25007,1,25007
LFL,25007,1,25007
GRP,25007,1,25007
GRP,13157,1,13157
GRP,13157,1,13157
FBT,48277,1,48277
GRP,6079,1,06079
GRP,6079,1,06079
GRP,6079,1,06079
LFL,6079,1,06079
GRP,6079,1,06079
GRP,6079,1,06079
LFL,6079,1,06079
GRP,6079,1,06079
GRP,6079,1,06079
FBT,6079,1,06079
GRP,20155,1,20155
GRP,20155,1,20155
FBT,39027,1,39027
GRP,39003,1,39003
LFL,39003,1,39003
GRP,26099,1,26099
GRP,26099,1,26099
GRP,26099,1,26099
GRP,26099,1,26099
GRP,26099,1,26099
GRP,26099,1,26099
GRP,26099,1,26099
GRP,26099,1,26099
GRP,26099,1,26099
GRP,26049,1,26049
GRP,26049,1,26049
GRP,26049,1,26049
GRP,26049,1,26049
GRP,26049,1,26049
GRP,26049,1,26049
GRP,26049,1,26049
GRP,26049,1,26049
GRP,26049,1,26049
GRP,26049,1,26049
GRP,26049,1,26049
GRP,26049,1,26049
GRP,26049,1,26049
FBT,26049,1,26049
GRP,17007,1,17007
GRP,34039,1,34039
GRP,34039,1,34039
GRP,34039,1,34039
LFL,34039,1,34039
GRP,34039,1,34039
LFL,6081,1,06081
FBT,6081,1,06081
GRP,6081,1,06081
LFL,6081,1,06081
GRP,6081,1,06081
LFL,6081,1,06081
GRP,6081,1,06081
GRP,6081,1,06081
FBT,6081,1,06081
GRP,6081,1,06081
FBT,6081,1,06081
GRP,6081,1,06081
GRP,6081,1,06081
GRP,6081,1,06081
GRP,6081,1,06081
LFL,13031,1,13031
GRP,13031,1,13031
FBT,8113,1,08113
LFL,13187,1,13187
GRP,13187,1,13187
LFL,34027,1,34027
GRP,34027,1,34027
GRP,34027,1,34027
GRP,34027,1,34027
GRP,34027,1,34027
GRP,34027,1,34027
LFL,34027,1,34027
GRP,34027,1,34027
GRP,34027,1,34027
GRP,34027,1,34027
FBT,55033,1,55033
GRP,55033,1,55033
GRP,42019,1,42019
GRP,32007,1,32007
GRP,1089,1,01089
GRP,1089,1,01089
GRP,1089,1,01089
GRP,1089,1,01089
GRP,1089,1,01089
GRP,1089,1,01089
GRP,1089,1,01089
GRP,1089,1,01089
FBT,1089,1,01089
GRP,1089,1,01089
GRP,1089,1,01089
LFL,1089,1,01089
GRP,6073,1,06073
GRP,6073,1,06073
GRP,6073,1,06073
GRP,6073,1,06073
GRP,6073,1,06073
GRP,6073,1,06073
GRP,6073,1,06073
GRP,6073,1,06073
GRP,6073,1,06073
GRP,6073,1,06073
GRP,6073,1,06073
GRP,6073,1,06073
GRP,6073,1,06073
FBT,6073,1,06073
GRP,6073,1,06073
GRP,6073,1,06073
GRP,6073,1,06073
GRP,6073,1,06073
FBT,6073,1,06073
GRP,6073,1,06073
GRP,6073,1,06073
GRP,6073,1,06073
GRP,6073,1,06073
GRP,6073,1,06073
GRP,6073,1,06073
GRP,6073,1,06073
GRP,6073,1,06073
GRP,6073,1,06073
GRP,6073,1,06073
LFL,6073,1,06073
FBT,6073,1,06073
GRP,6073,1,06073
GRP,6073,1,06073
GRP,6073,1,06073
GRP,6073,1,06073
GRP,6073,1,06073
GRP,6073,1,06073
GRP,6073,1,06073
GRP,6073,1,06073
GRP,6073,1,06073
GRP,6073,1,06073
FBT,6073,1,06073
GRP,6073,1,06073
GRP,6073,1,06073
GRP,6073,1,06073
GRP,6073,1,06073
GRP,6073,1,06073
GRP,6073,1,06073
GRP,6073,1,06073
FBT,6073,1,06073
FBT,6073,1,06073
FBT,31157,1,31157
LFL,47071,1,47071
GRP,21015,1,21015
LFL,21015,1,21015
LFL,26159,1,26159
GRP,26159,1,26159
FBT,23011,1,23011
GRP,23011,1,23011
LFL,23011,1,23011
FBT,19059,1,19059
LFL,6055,1,06055
GRP,6055,1,06055
GRP,6055,1,06055
FBT,6055,1,06055
GRP,27141,1,27141
LFL,27141,1,27141
GRP,48141,1,48141
GRP,48141,1,48141
GRP,48141,1,48141
GRP,48141,1,48141
GRP,48141,1,48141
GRP,48141,1,48141
LFL,48141,1,48141
GRP,48141,1,48141
GRP,48141,1,48141
GRP,48141,1,48141
GRP,48141,1,48141
GRP,48141,1,48141
GRP,48141,1,48141
GRP,48141,1,48141
GRP,48141,1,48141
GRP,48141,1,48141
GRP,48141,1,48141
FBT,48141,1,48141
LFL,2122,1,02122
GRP,2122,1,02122
GRP,12031,1,12031
GRP,12031,1,12031
GRP,12031,1,12031
GRP,12031,1,12031
GRP,12031,1,12031
FBT,12031,1,12031
LFL,12031,1,12031
GRP,12031,1,12031
GRP,12031,1,12031
LFL,29153,1,29153
GRP,48061,1,48061
LFL,48061,1,48061
GRP,48061,1,48061
GRP,48061,1,48061
FBT,48061,1,48061
GRP,12129,1,12129
FBT,12129,1,12129
GRP,17197,1,17197
FBT,17197,1,17197
FBT,17197,1,17197
GRP,17197,1,17197
GRP,17197,1,17197
LFL,17197,1,17197
GRP,17197,1,17197
LFL,17197,1,17197
GRP,17197,1,17197
GRP,17197,1,17197
GRP,54081,1,54081
LFL,54081,1,54081
GRP,54081,1,54081
GRP,13045,1,13045
GRP,19111,1,19111
GRP,36091,1,36091
GRP,36091,1,36091
GRP,36091,1,36091
FBT,36091,1,36091
GRP,36035,1,36035
GRP,39009,1,39009
GRP,39009,1,39009
GRP,39009,1,39009
GRP,42051,1,42051
GRP,42051,1,42051
GRP,22095,1,22095
LFL,42069,1,42069
FBT,42069,1,42069
GRP,42069,1,42069
GRP,42069,1,42069
GRP,42069,1,42069
GRP,55003,1,55003
FBT,55003,1,55003
LFL,55003,1,55003
GRP,27169,1,27169
GRP,27169,1,27169
GRP,51165,1,51165
FBT,51165,1,51165
GRP,51165,1,51165
GRP,51165,1,51165
GRP,48473,1,48473
LFL,36027,1,36027
FBT,36027,1,36027
GRP,36027,1,36027
GRP,36027,1,36027
GRP,36027,1,36027
GRP,36027,1,36027
GRP,36027,1,36027
FBT,36027,1,36027
GRP,36027,1,36027
GRP,36027,1,36027
GRP,36027,1,36027
FBT,30067,1,30067
LFL,22003,1,22003
GRP,36011,1,36011
GRP,36011,1,36011
GRP,53067,1,53067
GRP,53067,1,53067
GRP,53067,1,53067
FBT,53067,1,53067
GRP,53067,1,53067
LFL,53067,1,53067
GRP,24017,1,24017
LFL,51830,1,51830
GRP,51830,1,51830
GRP,48449,1,48449
GRP,12073,1,12073
GRP,12073,1,12073
LFL,12073,1,12073
GRP,12073,1,12073
FBT,12073,1,12073
GRP,12073,1,12073
GRP,36029,1,36029
GRP,36029,1,36029
GRP,36029,1,36029
GRP,36029,1,36029
FBT,36029,1,36029
GRP,36029,1,36029
GRP,36029,1,36029
GRP,36029,1,36029
GRP,36029,1,36029
LFL,36029,1,36029
GRP,36029,1,36029
GRP,36029,1,36029
GRP,36029,1,36029
GRP,36029,1,36029
GRP,36029,1,36029
FBT,12033,1,12033
GRP,12033,1,12033
GRP,12033,1,12033
GRP,12033,1,12033
FBT,41065,1,41065
LFL,41065,1,41065
GRP,33011,1,33011
FBT,33011,1,33011
FBT,33011,1,33011
FBT,33011,1,33011
GRP,33011,1,33011
LFL,33011,1,33011
GRP,33011,1,33011
GRP,33011,1,33011
GRP,33011,1,33011
GRP,33011,1,33011
FBT,33011,1,33011
LFL,33011,1,33011
GRP,33011,1,33011
LFL,33011,1,33011
GRP,33011,1,33011
GRP,24047,1,24047
GRP,24047,1,24047
GRP,18127,1,18127
GRP,18127,1,18127
GRP,18127,1,18127
GRP,18127,1,18127
GRP,18127,1,18127
GRP,18127,1,18127
FBT,36023,1,36023
LFL,16001,1,16001
FBT,16001,1,16001
GRP,16001,1,16001
GRP,16001,1,16001
FBT,16001,1,16001
GRP,51173,1,51173
FBT,18017,1,18017
GRP,31111,1,31111
GRP,11001,1,11001
GRP,11001,1,11001
GRP,11001,1,11001
GRP,11001,1,11001
GRP,11001,1,11001
GRP,11001,1,11001
FBT,11001,1,11001
GRP,11001,1,11001
GRP,11001,1,11001
GRP,11001,1,11001
GRP,11001,1,11001
GRP,11001,1,11001
LFL,11001,1,11001
GRP,11001,1,11001
GRP,11001,1,11001
GRP,11001,1,11001
GRP,11001,1,11001
FBT,6001,1,06001
GRP,6001,1,06001
GRP,6001,1,06001
GRP,6001,1,06001
GRP,6001,1,06001
LFL,6001,1,06001
FBT,6001,1,06001
FBT,6001,1,06001
LFL,6001,1,06001
FBT,6001,1,06001
GRP,6001,1,06001
GRP,6001,1,06001
GRP,6001,1,06001
LFL,6001,1,06001
GRP,6001,1,06001
GRP,6001,1,06001
FBT,6001,1,06001
LFL,6001,1,06001
FBT,6001,1,06001
GRP,6001,1,06001
LFL,6001,1,06001
LFL,6001,1,06001
GRP,6001,1,06001
GRP,6001,1,06001
GRP,6001,1,06001
GRP,6001,1,06001
LFL,6001,1,06001
GRP,6001,1,06001
FBT,6001,1,06001
GRP,6001,1,06001
GRP,6001,1,06001
GRP,6001,1,06001
GRP,6001,1,06001
LFL,6001,1,06001
GRP,6001,1,06001
GRP,6001,1,06001
FBT,6001,1,06001
GRP,6001,1,06001
FBT,6001,1,06001
LFL,6001,1,06001
GRP,51510,1,51510
GRP,51510,1,51510
FBT,51510,1,51510
GRP,51510,1,51510
GRP,51510,1,51510
LFL,51510,1,51510
GRP,51510,1,51510
GRP,9003,1,09003
GRP,9003,1,09003
LFL,9003,1,09003
GRP,9003,1,09003
GRP,9003,1,09003
GRP,9003,1,09003
GRP,9003,1,09003
GRP,9003,1,09003
GRP,9003,1,09003
GRP,9003,1,09003
LFL,9003,1,09003
GRP,9003,1,09003
GRP,9003,1,09003
GRP,9003,1,09003
GRP,9003,1,09003
GRP,9003,1,09003
GRP,9003,1,09003
FBT,9003,1,09003
GRP,9003,1,09003
LFL,9003,1,09003
GRP,9003,1,09003
GRP,9003,1,09003
LFL,9003,1,09003
GRP,9003,1,09003
GRP,9003,1,09003
GRP,9003,1,09003
GRP,9003,1,09003
LFL,9003,1,09003
GRP,9003,1,09003
GRP,9003,1,09003
GRP,9003,1,09003
GRP,9003,1,09003
GRP,9003,1,09003
GRP,9003,1,09003
GRP,9003,1,09003
GRP,9003,1,09003
LFL,17097,1,17097
LFL,17097,1,17097
GRP,17097,1,17097
FBT,17097,1,17097
GRP,17097,1,17097
GRP,17097,1,17097
GRP,48135,1,48135
LFL,51600,1,51600
GRP,51600,1,51600
GRP,51600,1,51600
GRP,51600,1,51600
GRP,55127,1,55127
LFL,55127,1,55127
GRP,17115,1,17115
FBT,23019,1,23019
LFL,23019,1,23019
GRP,23019,1,23019
LFL,23019,1,23019
GRP,23019,1,23019
GRP,42125,1,42125
GRP,42125,1,42125
GRP,10005,1,10005
GRP,10005,1,10005
GRP,10005,1,10005
GRP,10005,1,10005
GRP,10005,1,10005
GRP,10005,1,10005
GRP,10005,1,10005
GRP,21157,1,21157
LFL,37035,1,37035
GRP,37035,1,37035
GRP,37035,1,37035
GRP,37035,1,37035
FBT,37035,1,37035
GRP,37035,1,37035
GRP,39109,1,39109
GRP,48367,1,48367
LFL,48367,1,48367
FBT,53077,1,53077
LFL,53077,1,53077
GRP,53077,1,53077
FBT,39123,1,39123
GRP,39123,1,39123
FBT,48005,1,48005
GRP,27121,1,27121
FBT,29167,1,29167
GRP,29167,1,29167
GRP,29167,1,29167
GRP,29167,1,29167
GRP,54061,1,54061
LFL,54061,1,54061
GRP,54061,1,54061
GRP,54061,1,54061
FBT,19195,1,19195
GRP,13137,1,13137
GRP,39163,1,39163
GRP,51683,1,51683
LFL,51683,1,51683
GRP,51683,1,51683
GRP,51683,1,51683
GRP,51683,1,51683
LFL,50001,1,50001
GRP,50001,1,50001
GRP,47125,1,47125
LFL,47125,1,47125
GRP,47125,1,47125
GRP,36053,1,36053
FBT,36053,1,36053
GRP,39021,1,39021
GRP,39021,1,39021
GRP,12086,1,12086
GRP,12086,1,12086
LFL,12086,1,12086
FBT,12086,1,12086
GRP,12086,1,12086
GRP,12086,1,12086
GRP,12086,1,12086
GRP,12086,1,12086
GRP,12086,1,12086
FBT,12086,1,12086
GRP,12086,1,12086
GRP,12086,1,12086
GRP,12086,1,12086
GRP,12086,1,12086
GRP,12086,1,12086
GRP,12086,1,12086
FBT,12086,1,12086
GRP,12086,1,12086
GRP,12086,1,12086
GRP,12086,1,12086
GRP,12086,1,12086
GRP,12086,1,12086
GRP,39085,1,39085
GRP,39085,1,39085
GRP,39085,1,39085
GRP,6113,1,06113
GRP,6113,1,06113
GRP,6113,1,06113
GRP,6113,1,06113
GRP,6113,1,06113
GRP,6113,1,06113
GRP,6113,1,06113
GRP,6113,1,06113
LFL,37119,1,37119
GRP,37119,1,37119
GRP,37119,1,37119
GRP,37119,1,37119
GRP,37119,1,37119
GRP,37119,1,37119
FBT,37119,1,37119
FBT,37119,1,37119
GRP,37119,1,37119
LFL,17113,1,17113
LFL,17113,1,17113
GRP,17113,1,17113
GRP,17113,1,17113
GRP,17113,1,17113
GRP,17113,1,17113
GRP,41067,1,41067
GRP,41067,1,41067
GRP,41067,1,41067
LFL,41067,1,41067
GRP,41067,1,41067
FBT,41067,1,41067
FBT,41067,1,41067
GRP,41067,1,41067
LFL,41067,1,41067
GRP,41067,1,41067
GRP,41067,1,41067
LFL,18021,1,18021
GRP,24003,1,24003
GRP,24003,1,24003
GRP,24003,1,24003
GRP,24003,1,24003
LFL,24003,1,24003
GRP,24003,1,24003
GRP,24003,1,24003
GRP,24003,1,24003
GRP,24003,1,24003
GRP,24003,1,24003
GRP,19171,1,19171
LFL,19021,1,19021
FBT,33005,1,33005
GRP,33005,1,33005
GRP,33005,1,33005
GRP,55111,1,55111
GRP,29109,1,29109
LFL,37115,1,37115
GRP,51153,1,51153
GRP,51153,1,51153
GRP,51153,1,51153
GRP,51153,1,51153
GRP,34007,1,34007
GRP,34007,1,34007
LFL,34007,1,34007
GRP,34007,1,34007
GRP,34007,1,34007
GRP,18029,1,18029
GRP,21117,1,21117
GRP,23015,1,23015
FBT,23015,1,23015
GRP,19119,1,19119
GRP,1125,1,01125
GRP,1125,1,01125
LFL,1125,1,01125
GRP,1125,1,01125
GRP,1125,1,01125
GRP,47063,1,47063
GRP,53005,1,53005
GRP,53005,1,53005
GRP,53005,1,53005
FBT,53005,1,53005
GRP,53005,1,53005
GRP,53005,1,53005
GRP,13245,1,13245
GRP,13245,1,13245
FBT,33013,1,33013
GRP,33013,1,33013
GRP,33013,1,33013
GRP,48167,1,48167
GRP,48167,1,48167
GRP,48167,1,48167
GRP,48167,1,48167
GRP,48167,1,48167
FBT,48167,1,48167
GRP,41057,1,41057
GRP,41057,1,41057
GRP,36115,1,36115
GRP,36115,1,36115
GRP,36115,1,36115
GRP,27077,1,27077
GRP,8001,1,08001
GRP,8001,1,08001
GRP,8001,1,08001
GRP,8001,1,08001
GRP,6033,1,06033
LFL,6033,1,06033
FBT,6033,1,06033
GRP,6033,1,06033
GRP,42011,1,42011
LFL,42011,1,42011
GRP,42011,1,42011
GRP,42011,1,42011
GRP,42011,1,42011
GRP,42011,1,42011
GRP,42011,1,42011
FBT,47087,1,47087
GRP,47087,1,47087
GRP,47087,1,47087
GRP,26021,1,26021
FBT,26021,1,26021
GRP,26021,1,26021
GRP,26021,1,26021
FBT,17019,1,17019
LFL,17019,1,17019
GRP,17019,1,17019
GRP,17019,1,17019
LFL,51015,1,51015
FBT,37055,1,37055
GRP,37055,1,37055
LFL,37055,1,37055
GRP,13067,1,13067
GRP,13067,1,13067
GRP,13067,1,13067
GRP,13067,1,13067
GRP,13067,1,13067
GRP,13067,1,13067
GRP,37195,1,37195
GRP,24025,1,24025
GRP,24025,1,24025
GRP,20161,1,20161
LFL,20161,1,20161
GRP,26005,1,26005
GRP,40143,1,40143
FBT,40143,1,40143
GRP,40143,1,40143
LFL,40143,1,40143
GRP,40143,1,40143
GRP,40143,1,40143
GRP,48187,1,48187
GRP,48187,1,48187
GRP,48187,1,48187
LFL,50005,1,50005
GRP,50005,1,50005
LFL,55055,1,55055
GRP,55055,1,55055
GRP,42001,1,42001
LFL,53029,1,53029
LFL,53029,1,53029
LFL,53029,1,53029
FBT,53029,1,53029
GRP,12011,1,12011
GRP,12011,1,12011
GRP,12011,1,12011
GRP,12011,1,12011
GRP,12011,1,12011
LFL,12011,1,12011
GRP,12011,1,12011
GRP,12011,1,12011
GRP,12011,1,12011
GRP,12011,1,12011
GRP,12011,1,12011
GRP,12011,1,12011
GRP,12011,1,12011
GRP,12011,1,12011
GRP,12011,1,12011
GRP,12011,1,12011
GRP,12011,1,12011
GRP,12011,1,12011
GRP,12011,1,12011
GRP,12011,1,12011
GRP,12011,1,12011
GRP,12011,1,12011
GRP,12011,1,12011
GRP,12011,1,12011
FBT,12011,1,12011
GRP,12011,1,12011
GRP,12011,1,12011
GRP,12011,1,12011
GRP,12011,1,12011
GRP,8037,1,08037
FBT,8037,1,08037
GRP,8037,1,08037
GRP,8037,1,08037
GRP,8037,1,08037
GRP,8037,1,08037
GRP,39099,1,39099
LFL,39099,1,39099
FBT,39099,1,39099
GRP,39107,1,39107
GRP,51059,1,51059
GRP,51059,1,51059
GRP,51059,1,51059
GRP,51059,1,51059
GRP,51059,1,51059
GRP,51059,1,51059
GRP,51059,1,51059
GRP,51059,1,51059
GRP,51059,1,51059
GRP,51059,1,51059
GRP,51059,1,51059
GRP,51059,1,51059
GRP,55085,1,55085
LFL,55085,1,55085
FBT,55085,1,55085
GRP,41061,1,41061
GRP,49051,1,49051
LFL,39117,1,39117
GRP,13051,1,13051
LFL,13051,1,13051
GRP,13051,1,13051
FBT,13051,1,13051
GRP,12105,1,12105
GRP,12105,1,12105
GRP,12105,1,12105
GRP,12105,1,12105
LFL,12105,1,12105
GRP,12105,1,12105
FBT,12105,1,12105
GRP,13215,1,13215
LFL,13215,1,13215
FBT,12009,1,12009
LFL,12009,1,12009
GRP,12009,1,12009
GRP,12009,1,12009
GRP,12009,1,12009
FBT,21067,1,21067
GRP,21067,1,21067
LFL,21067,1,21067
GRP,21067,1,21067
GRP,36037,1,36037
LFL,36037,1,36037
FBT,1039,1,01039
GRP,6037,1,06037
GRP,6037,1,06037
GRP,6037,1,06037
GRP,6037,1,06037
FBT,6037,1,06037
GRP,6037,1,06037
GRP,6037,1,06037
GRP,6037,1,06037
GRP,6037,1,06037
GRP,6037,1,06037
GRP,6037,1,06037
GRP,6037,1,06037
LFL,6037,1,06037
GRP,6037,1,06037
GRP,6037,1,06037
FBT,6037,1,06037
GRP,6037,1,06037
LFL,6037,1,06037
LFL,6037,1,06037
GRP,6037,1,06037
FBT,6037,1,06037
GRP,6037,1,06037
GRP,6037,1,06037
GRP,6037,1,06037
GRP,6037,1,06037
GRP,6037,1,06037
LFL,6037,1,06037
FBT,6037,1,06037
GRP,6037,1,06037
GRP,6037,1,06037
GRP,6037,1,06037
GRP,6037,1,06037
GRP,6037,1,06037
GRP,6037,1,06037
FBT,6037,1,06037
GRP,6037,1,06037
GRP,6037,1,06037
GRP,6037,1,06037
GRP,6037,1,06037
GRP,6037,1,06037
GRP,6037,1,06037
GRP,6037,1,06037
GRP,6037,1,06037
GRP,6037,1,06037
GRP,6037,1,06037
GRP,6037,1,06037
GRP,6037,1,06037
FBT,6037,1,06037
GRP,6037,1,06037
GRP,6037,1,06037
GRP,6037,1,06037
GRP,6037,1,06037
GRP,6037,1,06037
GRP,6037,1,06037
LFL,6037,1,06037
GRP,6037,1,06037
GRP,6037,1,06037
GRP,6037,1,06037
GRP,6037,1,06037
GRP,6037,1,06037
GRP,6037,1,06037
FBT,6037,1,06037
LFL,6037,1,06037
GRP,6037,1,06037
GRP,6037,1,06037
FBT,6037,1,06037
GRP,6037,1,06037
GRP,6037,1,06037
GRP,6037,1,06037
GRP,6037,1,06037
GRP,6037,1,06037
GRP,6037,1,06037
GRP,6037,1,06037
GRP,6037,1,06037
GRP,6037,1,06037
GRP,6037,1,06037
GRP,6037,1,06037
GRP,6037,1,06037
GRP,6037,1,06037
LFL,6037,1,06037
GRP,6037,1,06037
LFL,6037,1,06037
LFL,6037,1,06037
GRP,6037,1,06037
GRP,6037,1,06037
GRP,6037,1,06037
LFL,6037,1,06037
GRP,6037,1,06037
GRP,6037,1,06037
FBT,6037,1,06037
GRP,6037,1,06037
GRP,6037,1,06037
GRP,6037,1,06037
GRP,6037,1,06037
LFL,6037,1,06037
FBT,6037,1,06037
GRP,6037,1,06037
GRP,6037,1,06037
GRP,6037,1,06037
GRP,6037,1,06037
GRP,6037,1,06037
FBT,6037,1,06037
GRP,6037,1,06037
GRP,6037,1,06037
GRP,6037,1,06037
GRP,6037,1,06037
GRP,6037,1,06037
GRP,6037,1,06037
GRP,6037,1,06037
LFL,6037,1,06037
GRP,6037,1,06037
GRP,6037,1,06037
GRP,6037,1,06037
GRP,6037,1,06037
GRP,6037,1,06037
GRP,6037,1,06037
GRP,6037,1,06037
GRP,6037,1,06037
FBT,6037,1,06037
GRP,6037,1,06037
GRP,6037,1,06037
GRP,6037,1,06037
GRP,6037,1,06037
GRP,6037,1,06037
FBT,6037,1,06037
GRP,6037,1,06037
FBT,6037,1,06037
FBT,12021,1,12021
GRP,12021,1,12021
GRP,12021,1,12021
GRP,12021,1,12021
GRP,12021,1,12021
GRP,12021,1,12021
LFL,12021,1,12021
GRP,26125,1,26125
GRP,26125,1,26125
GRP,26125,1,26125
GRP,26125,1,26125
GRP,26125,1,26125
LFL,26125,1,26125
GRP,26125,1,26125
GRP,26125,1,26125
GRP,26125,1,26125
FBT,26125,1,26125
GRP,26125,1,26125
GRP,26125,1,26125
GRP,26125,1,26125
GRP,26125,1,26125
GRP,26125,1,26125
GRP,26125,1,26125
GRP,26125,1,26125
GRP,26125,1,26125
GRP,26125,1,26125
GRP,26125,1,26125
GRP,26125,1,26125
FBT,26125,1,26125
GRP,26125,1,26125
GRP,26125,1,26125
GRP,26125,1,26125
GRP,26125,1,26125
GRP,26125,1,26125
GRP,26125,1,26125
GRP,26125,1,26125
GRP,51103,1,51103
LFL,51057,1,51057
GRP,23007,1,23007
FBT,23007,1,23007
FBT,17167,1,17167
GRP,17167,1,17167
LFL,25001,1,25001
FBT,25001,1,25001
LFL,25001,1,25001
FBT,25001,1,25001
LFL,25001,1,25001
LFL,25001,1,25001
LFL,25001,1,25001
FBT,25001,1,25001
FBT,25001,1,25001
FBT,25001,1,25001
GRP,25001,1,25001
LFL,25001,1,25001
FBT,25001,1,25001
GRP,25001,1,25001
FBT,25001,1,25001
LFL,25001,1,25001
FBT,25001,1,25001
FBT,25001,1,25001
FBT,25001,1,25001
GRP,25001,1,25001
FBT,25001,1,25001
FBT,25001,1,25001
FBT,25001,1,25001
FBT,25001,1,25001
LFL,25001,1,25001
LFL,25001,1,25001
FBT,25001,1,25001
FBT,25001,1,25001
FBT,25001,1,25001
GRP,42133,1,42133
GRP,42133,1,42133
FBT,42133,1,42133
LFL,42133,1,42133
GRP,42133,1,42133
GRP,42133,1,42133
GRP,42133,1,42133
GRP,42133,1,42133
GRP,42133,1,42133
GRP,42133,1,42133
GRP,42133,1,42133
GRP,37183,1,37183
GRP,37183,1,37183
GRP,37183,1,37183
GRP,37183,1,37183
GRP,37183,1,37183
FBT,37183,1,37183
GRP,37183,1,37183
GRP,37183,1,37183
GRP,37183,1,37183
GRP,37183,1,37183
GRP,37183,1,37183
GRP,37183,1,37183
GRP,37183,1,37183
LFL,37183,1,37183
GRP,37183,1,37183
GRP,37183,1,37183
GRP,37183,1,37183
GRP,37183,1,37183
GRP,37183,1,37183
GRP,37183,1,37183
GRP,19045,1,19045
FBT,36113,1,36113
GRP,36113,1,36113
LFL,36113,1,36113
GRP,24005,1,24005
GRP,24005,1,24005
GRP,24005,1,24005
GRP,24005,1,24005
GRP,24005,1,24005
GRP,24005,1,24005
LFL,24005,1,24005
GRP,24005,1,24005
FBT,47065,1,47065
GRP,47065,1,47065
GRP,47065,1,47065
LFL,47065,1,47065
GRP,47065,1,47065
GRP,24021,1,24021
GRP,24021,1,24021
LFL,24021,1,24021
GRP,24021,1,24021
FBT,24021,1,24021
GRP,24021,1,24021
GRP,24021,1,24021
GRP,24021,1,24021
FBT,36025,1,36025
LFL,36025,1,36025
GRP,26025,1,26025
LFL,26025,1,26025
GRP,26025,1,26025
FBT,26025,1,26025
FBT,8015,1,08015
GRP,28107,1,28107
GRP,42091,1,42091
GRP,42091,1,42091
FBT,42091,1,42091
GRP,42091,1,42091
GRP,42091,1,42091
GRP,42091,1,42091
GRP,42091,1,42091
GRP,42091,1,42091
GRP,42091,1,42091
FBT,42091,1,42091
GRP,42091,1,42091
GRP,42091,1,42091
FBT,42091,1,42091
GRP,42091,1,42091
GRP,42091,1,42091
GRP,42091,1,42091
GRP,42091,1,42091
GRP,42091,1,42091
GRP,42091,1,42091
GRP,42091,1,42091
FBT,42091,1,42091
GRP,42091,1,42091
GRP,42091,1,42091
GRP,48157,1,48157
GRP,48157,1,48157
GRP,48157,1,48157
GRP,48157,1,48157
GRP,48157,1,48157
GRP,48157,1,48157
GRP,48157,1,48157
GRP,48157,1,48157
GRP,48157,1,48157
GRP,48157,1,48157
GRP,48157,1,48157
GRP,48157,1,48157
GRP,48157,1,48157
GRP,48157,1,48157
GRP,48157,1,48157
GRP,48157,1,48157
FBT,37159,1,37159
LFL,37159,1,37159
GRP,21239,1,21239
GRP,21239,1,21239
FBT,55139,1,55139
GRP,55139,1,55139
LFL,55139,1,55139
GRP,21047,1,21047
FBT,37001,1,37001
FBT,37001,1,37001
LFL,42129,1,42129
LFL,42129,1,42129
GRP,42129,1,42129
GRP,42129,1,42129
GRP,48029,1,48029
GRP,48029,1,48029
GRP,48029,1,48029
GRP,48029,1,48029
FBT,48029,1,48029
GRP,48029,1,48029
LFL,48029,1,48029
GRP,48029,1,48029
GRP,48029,1,48029
GRP,48029,1,48029
GRP,48029,1,48029
GRP,48029,1,48029
GRP,48029,1,48029
GRP,48029,1,48029
GRP,48029,1,48029
GRP,48029,1,48029
GRP,48029,1,48029
GRP,48029,1,48029
GRP,48029,1,48029
GRP,48029,1,48029
GRP,48029,1,48029
GRP,48029,1,48029
GRP,48029,1,48029
GRP,48029,1,48029
GRP,48029,1,48029
GRP,48029,1,48029
GRP,48029,1,48029
GRP,48029,1,48029
GRP,48029,1,48029
GRP,48029,1,48029
GRP,48029,1,48029
GRP,48029,1,48029
GRP,48029,1,48029
LFL,48029,1,48029
GRP,48029,1,48029
GRP,48029,1,48029
GRP,48029,1,48029
GRP,48029,1,48029
GRP,48029,1,48029
GRP,48029,1,48029
GRP,48029,1,48029
GRP,48029,1,48029
GRP,48029,1,48029
GRP,48029,1,48029
GRP,48029,1,48029
GRP,48029,1,48029
GRP,48029,1,48029
GRP,41059,1,41059
GRP,41059,1,41059
GRP,51630,1,51630
GRP,51630,1,51630
GRP,51630,1,51630
GRP,51630,1,51630
GRP,53063,1,53063
FBT,53063,1,53063
GRP,53063,1,53063
GRP,53063,1,53063
GRP,53063,1,53063
GRP,53063,1,53063
GRP,53063,1,53063
GRP,53063,1,53063
GRP,53063,1,53063
GRP,53063,1,53063
LFL,53063,1,53063
GRP,53063,1,53063
GRP,53063,1,53063
GRP,53063,1,53063
GRP,53063,1,53063
GRP,28045,1,28045
GRP,28045,1,28045
GRP,39007,1,39007
GRP,39007,1,39007
GRP,29183,1,29183
GRP,29183,1,29183
GRP,29183,1,29183
GRP,29183,1,29183
GRP,29183,1,29183
GRP,20035,1,20035
LFL,6087,1,06087
FBT,6087,1,06087
GRP,6087,1,06087
GRP,6087,1,06087
GRP,6087,1,06087
LFL,6087,1,06087
GRP,6087,1,06087
GRP,6087,1,06087
FBT,6087,1,06087
FBT,6023,1,06023
LFL,6023,1,06023
GRP,6023,1,06023
GRP,6023,1,06023
LFL,6023,1,06023
GRP,6023,1,06023
LFL,53075,1,53075
GRP,53075,1,53075
FBT,53075,1,53075
GRP,53075,1,53075
GRP,18005,1,18005
GRP,18005,1,18005
GRP,18005,1,18005
GRP,39043,1,39043
GRP,39043,1,39043
GRP,39043,1,39043
GRP,39043,1,39043
GRP,21167,1,21167
GRP,27027,1,27027
LFL,37123,1,37123
GRP,27053,1,27053
GRP,27053,1,27053
GRP,27053,1,27053
GRP,27053,1,27053
GRP,27053,1,27053
GRP,27053,1,27053
GRP,27053,1,27053
GRP,27053,1,27053
GRP,27053,1,27053
GRP,27053,1,27053
GRP,27053,1,27053
GRP,27053,1,27053
GRP,27053,1,27053
GRP,27053,1,27053
GRP,27053,1,27053
FBT,27053,1,27053
GRP,27053,1,27053
GRP,18091,1,18091
GRP,37179,1,37179
GRP,37179,1,37179
GRP,51810,1,51810
GRP,51810,1,51810
GRP,51810,1,51810
GRP,51810,1,51810
GRP,51810,1,51810
LFL,51810,1,51810
GRP,51810,1,51810
GRP,51810,1,51810
FBT,51810,1,51810
GRP,51810,1,51810
GRP,55009,1,55009
FBT,55009,1,55009
GRP,55009,1,55009
GRP,48251,1,48251
LFL,48251,1,48251
GRP,48251,1,48251
FBT,48251,1,48251
FBT,8077,1,08077
GRP,8077,1,08077
LFL,8077,1,08077
GRP,8077,1,08077
FBT,30013,1,30013
LFL,30013,1,30013
GRP,30013,1,30013
GRP,20015,1,20015
FBT,49035,1,49035
GRP,49035,1,49035
GRP,49035,1,49035
GRP,49035,1,49035
GRP,49035,1,49035
GRP,49035,1,49035
GRP,49035,1,49035
GRP,49035,1,49035
GRP,49035,1,49035
GRP,49035,1,49035
GRP,49035,1,49035
LFL,49035,1,49035
GRP,49035,1,49035
GRP,49035,1,49035
GRP,49035,1,49035
GRP,49035,1,49035
GRP,49035,1,49035
GRP,49035,1,49035
GRP,49035,1,49035
GRP,49035,1,49035
GRP,49035,1,49035
GRP,48121,1,48121
GRP,48121,1,48121
GRP,48121,1,48121
GRP,48121,1,48121
GRP,48121,1,48121
GRP,48121,1,48121
GRP,48121,1,48121
GRP,48121,1,48121
FBT,48121,1,48121
LFL,48121,1,48121
GRP,17143,1,17143
FBT,17143,1,17143
GRP,17143,1,17143
LFL,17143,1,17143
GRP,34015,1,34015
GRP,34015,1,34015
GRP,34015,1,34015
GRP,34015,1,34015
GRP,34015,1,34015
FBT,34015,1,34015
GRP,27003,1,27003
GRP,27003,1,27003
GRP,27003,1,27003
GRP,27003,1,27003
GRP,27003,1,27003
GRP,27003,1,27003
GRP,27003,1,27003
GRP,46013,1,46013
FBT,46013,1,46013
LFL,46013,1,46013
GRP,47163,1,47163
GRP,47163,1,47163
GRP,47163,1,47163
GRP,47093,1,47093
GRP,47093,1,47093
GRP,47093,1,47093
FBT,47093,1,47093
GRP,47093,1,47093
LFL,47093,1,47093
GRP,47093,1,47093
GRP,47093,1,47093
GRP,47093,1,47093
GRP,47093,1,47093
GRP,47093,1,47093
FBT,42043,1,42043
GRP,42043,1,42043
GRP,42043,1,42043
LFL,42043,1,42043
FBT,55049,1,55049
LFL,22017,1,22017
LFL,41029,1,41029
FBT,41029,1,41029
GRP,41029,1,41029
GRP,41029,1,41029
GRP,18105,1,18105
GRP,18105,1,18105
FBT,18105,1,18105
GRP,18105,1,18105
GRP,18105,1,18105
GRP,18105,1,18105
GRP,18105,1,18105
GRP,18105,1,18105
GRP,18105,1,18105
LFL,18105,1,18105
GRP,21029,1,21029
GRP,21179,1,21179
LFL,49057,1,49057
FBT,49025,1,49025
GRP,5091,1,05091
GRP,45079,1,45079
FBT,45079,1,45079
GRP,45079,1,45079
LFL,45079,1,45079
FBT,17077,1,17077
GRP,17077,1,17077
LFL,36123,1,36123
FBT,56005,1,56005
GRP,12083,1,12083
GRP,12083,1,12083
GRP,12083,1,12083
GRP,29031,1,29031
LFL,29031,1,29031
FBT,29031,1,29031
GRP,17029,1,17029
GRP,17029,1,17029
GRP,22075,1,22075
GRP,38015,1,38015
GRP,38015,1,38015
GRP,21185,1,21185
GRP,21185,1,21185
FBT,33009,1,33009
GRP,33009,1,33009
FBT,33009,1,33009
LFL,33009,1,33009
GRP,55117,1,55117
GRP,22103,1,22103
FBT,22103,1,22103
GRP,22103,1,22103
LFL,22103,1,22103
GRP,22103,1,22103
GRP,22103,1,22103
GRP,24033,1,24033
FBT,24033,1,24033
GRP,24033,1,24033
GRP,27145,1,27145
GRP,27145,1,27145
GRP,27145,1,27145
FBT,25017,1,25017
GRP,25017,1,25017
LFL,25017,1,25017
LFL,25017,1,25017
FBT,25017,1,25017
GRP,25017,1,25017
LFL,25017,1,25017
LFL,25017,1,25017
GRP,25017,1,25017
GRP,25017,1,25017
GRP,25017,1,25017
GRP,25017,1,25017
FBT,25017,1,25017
GRP,25017,1,25017
LFL,25017,1,25017
GRP,25017,1,25017
GRP,25017,1,25017
LFL,25017,1,25017
GRP,25017,1,25017
LFL,25017,1,25017
LFL,25017,1,25017
GRP,25017,1,25017
LFL,25017,1,25017
LFL,25017,1,25017
GRP,25017,1,25017
FBT,25017,1,25017
GRP,25017,1,25017
GRP,29099,1,29099
GRP,29099,1,29099
LFL,53035,1,53035
FBT,53035,1,53035
GRP,53035,1,53035
GRP,53035,1,53035
FBT,53035,1,53035
GRP,53035,1,53035
GRP,53035,1,53035
LFL,53035,1,53035
GRP,53035,1,53035
GRP,12057,1,12057
GRP,12057,1,12057
GRP,12057,1,12057
GRP,12057,1,12057
GRP,12057,1,12057
GRP,12057,1,12057
LFL,12057,1,12057
GRP,12057,1,12057
GRP,12057,1,12057
FBT,12057,1,12057
GRP,12057,1,12057
GRP,12057,1,12057
GRP,12057,1,12057
GRP,12057,1,12057
FBT,17043,1,17043
GRP,17043,1,17043
GRP,17043,1,17043
GRP,17043,1,17043
GRP,17043,1,17043
GRP,17043,1,17043
GRP,17043,1,17043
GRP,17043,1,17043
LFL,17043,1,17043
GRP,17043,1,17043
LFL,17043,1,17043
GRP,17043,1,17043
LFL,17043,1,17043
GRP,17043,1,17043
LFL,17043,1,17043
GRP,17043,1,17043
LFL,34031,1,34031
GRP,34031,1,34031
GRP,34031,1,34031
FBT,34031,1,34031
GRP,34031,1,34031
GRP,34031,1,34031
GRP,34031,1,34031
GRP,48181,1,48181
FBT,48181,1,48181
GRP,48181,1,48181
GRP,48181,1,48181
LFL,48181,1,48181
FBT,36069,1,36069
GRP,36069,1,36069
GRP,36069,1,36069
GRP,36069,1,36069
LFL,4025,1,04025
FBT,4025,1,04025
GRP,4025,1,04025
GRP,4025,1,04025
